BEGIN TRANSACTION;
CREATE TABLE artifact (
  id INTEGER PRIMARY KEY AUTOINCREMENT,
  phase_id TEXT NOT NULL REFERENCES phase(phase_id) ON DELETE CASCADE,
  kind TEXT NOT NULL,
  path TEXT NOT NULL,
  description TEXT,
  UNIQUE (phase_id, kind, path)
);
INSERT INTO "artifact" VALUES(1,'phase-10a','triage_md','docs/untracked/phase-10a-mismatch-root-cause-triage.md','Phase 10-a Polars/root-cause triage.');
INSERT INTO "artifact" VALUES(2,'phase-10a','triage_json','docs/untracked/phase-10a-mismatch-root-cause-triage.json','Phase 10-a machine-readable triage.');
INSERT INTO "artifact" VALUES(3,'phase-10e','full_report','docs/untracked/phase-10e/full-10k-report-only-compare-report.json','Full 10k report-only comparison with parallel tooling.');
INSERT INTO "artifact" VALUES(4,'phase-10f','triage_md','docs/untracked/phase-10f/phase-10f-polars-parser-target-triage.md','Cross-bar tie target triage.');
INSERT INTO "artifact" VALUES(5,'phase-10f','full_report','docs/untracked/phase-10f/full-10k-after-report-only-compare-report.json','Full 10k after cross-bar tie fix.');
INSERT INTO "artifact" VALUES(6,'phase-10g','triage_md','docs/untracked/phase-10g/phase-10g-text-direction-triage.md','Malformed quoted chord/text-direction triage.');
INSERT INTO "artifact" VALUES(7,'phase-10g','full_report','docs/untracked/phase-10g/full-10k-after-report-only-compare-report.json','Full 10k after malformed chord export fix.');
INSERT INTO "artifact" VALUES(8,'phase-10h','triage_md','docs/untracked/phase-10h/phase-10h-lyric-alignment-triage.md','Lyric hyphen control triage.');
INSERT INTO "artifact" VALUES(9,'phase-10h','full_report','docs/untracked/phase-10h/full-10k-after-report-only-compare-report.json','Full 10k after lyric hyphen export fix.');
INSERT INTO "artifact" VALUES(11,'phase-10i','triage_md','docs/untracked/phase-10i/phase-10i-lyric-melisma-triage.md','Lyric melisma/NBSP/empty-extender triage.');
INSERT INTO "artifact" VALUES(12,'phase-10i','triage_json','docs/untracked/phase-10i/phase-10i-lyric-melisma-triage.json','Machine-readable Phase 10-i triage.');
INSERT INTO "artifact" VALUES(13,'phase-10i','target_before_report','docs/untracked/phase-10i/target-before-compare-report.json','Target 107-file comparison before Phase 10-i fix.');
INSERT INTO "artifact" VALUES(14,'phase-10i','target_after_report','docs/untracked/phase-10i/target-after-compare-report.json','Target 107-file comparison after Phase 10-i fix.');
INSERT INTO "artifact" VALUES(15,'phase-10i','full_report','docs/untracked/phase-10i/full-10k-after-report-only-compare-report.json','Full 10k report-only comparison after Phase 10-i fix.');
INSERT INTO "artifact" VALUES(16,'phase-10i','residual_file_list','docs/untracked/phase-10i/residual-lyric-files.txt','Residual lyric target file list.');
INSERT INTO "artifact" VALUES(17,'phase-10i','target_corpus','docs/untracked/phase-10i/residual-lyric-target-corpus/','Target corpus for residual lyric/melisma analysis.');
INSERT INTO "artifact" VALUES(18,'testbed-reproducibility','recipe','docs/testing/corpus-reproducibility.md','Committed recipe for recreating corpus/testbed artifacts.');
INSERT INTO "artifact" VALUES(19,'testbed-reproducibility','inventory','docs/reference/corpus-inventory.md','Corpus inventory updated to current local input/reference roots.');
INSERT INTO "artifact" VALUES(20,'testbed-reproducibility','progress_snapshot','docs/progress/croma-progress.sql','Progress tracker SQL snapshot including this documentation phase.');
INSERT INTO "artifact" VALUES(21,'bootstrap-hardening','script','tools/session_bootstrap.sh','Session bootstrap script hardened to fail fast and tolerate uv-missing tracker restore via python3.');
INSERT INTO "artifact" VALUES(22,'bootstrap-hardening','progress_snapshot','docs/progress/croma-progress.sql','Progress tracker SQL snapshot recording bootstrap hardening.');
INSERT INTO "artifact" VALUES(23,'bootstrap-hardening','script','tools/provision_corpus.py','Croma-owned corpus provisioner for Zenodo import, verified LFS archive import/build, and abc2xml reference generation.');
INSERT INTO "artifact" VALUES(24,'bootstrap-hardening','lfs_archive','docs/corpus/zenodo-10k-abc.tar.gz','Optional Git LFS ABC corpus cache archive, built from the Zenodo 10k dataset output.');
INSERT INTO "artifact" VALUES(25,'bootstrap-hardening','checksum','docs/corpus/zenodo-10k-abc.tar.gz.sha256','SHA-256 checksum used by provision_corpus.py import-archive.');
INSERT INTO "artifact" VALUES(26,'bootstrap-hardening','docs','docs/testing/corpus-reproducibility.md','Documents Zenodo provenance, LFS cache, bootstrap provisioning, reference XML generation, and archive rebuild commands.');
INSERT INTO "artifact" VALUES(27,'phase-10k','triage_md','docs/untracked/phase-10k/phase-10k-lyric-bar-marker-triage.md','Bar-marker + double-hyphen lyric triage and 100%-or-justify report');
INSERT INTO "artifact" VALUES(28,'phase-10k','after_report','docs/untracked/session-after/full-10k-report-only-compare-report.json','Full 10k report-only compare after the fix');
INSERT INTO "artifact" VALUES(29,'phase-10k','baseline_report','docs/untracked/session-baseline/full-10k-report-only-compare-report.json','Full 10k report-only compare before the fix');
INSERT INTO "artifact" VALUES(30,'phase-10-closure','closure_report','docs/progress/phase-10-closure-report.md','Phase 10 parser/export quality closure report');
INSERT INTO "artifact" VALUES(31,'phase-23','comparison','docs/untracked/phase-23-barline-run-phantom','Full 10k testbed output and comparison artifacts.');
INSERT INTO "artifact" VALUES(32,'phase-23','manifest','docs/comparison/abc2xml-divergences/per-file-manifest.csv','Regenerated prover manifest with zero RESIDUAL_PHANTOM_CROMA and zero REVIEW.');
INSERT INTO "artifact" VALUES(33,'phase-23','summary','docs/comparison/abc2xml-divergences/00-SUMMARY.md','Updated to 0 known genuine Croma issues.');
INSERT INTO "artifact" VALUES(34,'phase-27-abc-writer','harness','tools/prove_abc_roundtrip.py','Local-only Score->ABC corpus round-trip prover (structural projection)');
INSERT INTO "artifact" VALUES(35,'phase-27-abc-writer','report','docs/untracked/abc/abc-roundtrip-report.json','Generated run report (git-ignored)');
INSERT INTO "artifact" VALUES(36,'phase-27-abc-writer','source','crates/croma-core/src/to_abc.rs','write_abc canonical ABC writer');
INSERT INTO "artifact" VALUES(37,'phase-35-ledger-burndown','corpus-compare-report','docs/untracked/phase-35/multirest-b1/full-10k-report-only-compare-report.json','Full 10k report-only comparison after multirest fix');
INSERT INTO "artifact" VALUES(38,'phase-35-ledger-burndown','per-file-summary','docs/untracked/phase-35/multirest-b1/full-10k-per-file-summary.jsonl','Per-file summary used for zero-regression set diff against phase-33 b8');
INSERT INTO "artifact" VALUES(39,'phase-36-ledger-burndown','ledger','docs/comparison/abc2xml-divergences/12-phase33-triage-ledger.md','tuplet-one-note-group-dangling-start marked FIXED(36a) with residual reference-artifact note');
INSERT INTO "artifact" VALUES(40,'phase-36-ledger-burndown','targeted-compare','docs/untracked/phase-36/target-after-compare-report.json','2-file tune_010459/tune_010462 after-compare; 6 residual tuplet rows are croma startStop vs reference null');
INSERT INTO "artifact" VALUES(41,'phase-36-ledger-burndown','full-compare','docs/untracked/phase-36/full-10k-report-only-compare-report.json','Full 10k report-only compare after one-note tuplet fix: 8861 matches, 164265 mismatch rows, 607 tuplet rows');
CREATE TABLE memory (
  key TEXT PRIMARY KEY,
  value TEXT NOT NULL,
  notes TEXT,
  updated_at TEXT NOT NULL DEFAULT (datetime('now'))
);
INSERT INTO "memory" VALUES('pinned_toolchain','Rust 1.96.0 pinned by rust-toolchain.toml at repo root.','Use plain cargo/rustc; rust-toolchain.toml auto-selects 1.96.0 on any host. Linux cloud sandbox provisions via rustup (rustup show); local dev via Nix flake. No absolute toolchain path.','2026-06-06 02:23:59');
INSERT INTO "memory" VALUES('python_tooling','Use uv for Python/music21/Polars/corpus tooling.','Do not hand-roll venv setup.','2026-06-06 01:33:56');
INSERT INTO "memory" VALUES('abc_reference_repo','/Users/rodox/dev/abc','Use as parser-policy/test/prover reference only; do not copy whole parser.','2026-06-06 06:01:44');
INSERT INTO "memory" VALUES('generated_artifacts_policy','Keep generated corpus XML/parquet/jsonl/reports under docs/untracked/.','Do not commit generated corpus artifacts unless explicitly requested.','2026-06-06 01:33:56');
INSERT INTO "memory" VALUES('formatter_lsp_gate','Formatter and LSP wait until parser quality is proven.','Parser/corpus/music21 work remains priority.','2026-06-06 01:33:56');
INSERT INTO "memory" VALUES('croma_core_crates_io','Keep croma-core crates.io-compatible.','Avoid path-only/local runtime assumptions in library code.','2026-06-06 01:33:56');
INSERT INTO "memory" VALUES('dev_environments','Two supported: Linux cloud sandbox (rustup + uv) and local Nix flake.','Build/validate from repo root: uv sync; cargo build -p croma-cli; cargo test --workspace. See docs/development-environment.md. Corpus roots are external; set ABC_ROOT/REF_ROOT per docs/testing/corpus-reproducibility.md.','2026-06-06 02:23:59');
INSERT INTO "memory" VALUES('phase_10k_outcome','Bar marker in w:/s: advances to next bar at block boundary and for consecutive markers; hyphen after space/hyphen holds a blank note (ABC 2.1 section 5.1).','Direct lyric rows 89->75; remaining 75 in tune_006403/001361/002325/006565 are downstream of measure-structure/overlay diffs, not lyric bugs.','2026-06-06 06:01:54');
INSERT INTO "memory" VALUES('next_target','Ledger burn-down: next small confirmed OPEN repro=True target is barline-final-dropped-on-empty-voice-measure; then consider measure-alignment-complex-meter-time-dropped, missing-nospace-key-global-accidentals-misparse, pitch-trailing-grace-group-dropped, pitch-unclosed-chord-recovery-drops-notes, slur-grace-group-slurs-dropped, slur-number-collision-shared-part, and remaining repro=None accidental/lyric/octave/tuplet targets.','phase-37a fixed extra-decoration-words-fallback: fingerings/arpeggiate/slide no longer fall back to words; phase-36->37a full compare structural matches 8861->8865, mismatch rows 164265->164220.','2026-06-12 08:42:16');
INSERT INTO "memory" VALUES('parser_bug_backlog','Parser-fix phase (PR #68) closed the silent-loss items from docs/parser-backlog.md: quoted-text/decoration drops before grace/slur/tuplet FIXED; dropped-tie accidental leak FIXED (from_pending_tie provenance + undo-on-drop) incl. mid-tune M:/K: carry-reset removal; rest-led tuplet roles FIXED; octave-shift panics clamped; inline [I:] warns. Writer accidental safety-net REMOVED; harness gates _REST_LED_TUPLET_RE/_INLINE_INFO_RE removed; lower_fail labeled (65 = header-only corpus fragments, no parser bug). Round-trip 92.63%, 0 diffs. Remaining (re-prioritized in docs/parser-backlog.md): mid-tune K:/M: model events (~5.5% unlock, own phase), quoted text before barline (abc2xml keeps it), nested tuplets, overlay voice collision, syllabic, +: newline join, orphan hyphens.','Backlog file docs/parser-backlog.md is the canonical list; fixed items kept there marked FIXED/TRIAGED.','2026-06-09 22:42:12');
CREATE TABLE meta (
  key TEXT PRIMARY KEY,
  value TEXT NOT NULL,
  updated_at TEXT NOT NULL DEFAULT (datetime('now'))
);
INSERT INTO "meta" VALUES('db_path','docs/untracked/croma-progress.sqlite','2026-06-06 01:33:56');
INSERT INTO "meta" VALUES('purpose','Local ignored Croma phase ledger for compact status recall and prompt generation.','2026-06-06 01:33:56');
INSERT INTO "meta" VALUES('schema_version','1','2026-06-06 01:33:56');
CREATE TABLE metric (
  id INTEGER PRIMARY KEY AUTOINCREMENT,
  phase_id TEXT NOT NULL REFERENCES phase(phase_id) ON DELETE CASCADE,
  scope TEXT NOT NULL,
  name TEXT NOT NULL,
  before_value TEXT,
  after_value TEXT,
  delta TEXT,
  unit TEXT,
  notes TEXT,
  UNIQUE (phase_id, scope, name)
);
INSERT INTO "metric" VALUES(1,'phase-9','full_10k_smoke','export_successes','unknown','9935',NULL,'files',NULL);
INSERT INTO "metric" VALUES(2,'phase-9','full_10k_smoke','export_failures','66','65','-1','files','Remaining failures classified as malformed/reference artifacts.');
INSERT INTO "metric" VALUES(3,'phase-10','full_10k','matches',NULL,'1335',NULL,'files',NULL);
INSERT INTO "metric" VALUES(4,'phase-10','full_10k','mismatches',NULL,'8600',NULL,'files',NULL);
INSERT INTO "metric" VALUES(5,'phase-10','full_10k','music21_import_failures',NULL,'0',NULL,'files','Croma and reference import failures both zero.');
INSERT INTO "metric" VALUES(6,'phase-10b','leading_subset','matches_mismatches','0/1932','636/1296',NULL,'files',NULL);
INSERT INTO "metric" VALUES(7,'phase-10b','leading_subset','mismatch_rows','1386236','61849','-1327387','rows',NULL);
INSERT INTO "metric" VALUES(8,'phase-10b','full_10k','matches_mismatches','2363/7572','2363/7572','0','files','File counts stable; row count improved.');
INSERT INTO "metric" VALUES(9,'phase-10b','full_10k','mismatch_rows','2759584','2759218','-366','rows',NULL);
INSERT INTO "metric" VALUES(10,'phase-10c','leading_subset','matches_mismatches','636/1296','785/1147',NULL,'files',NULL);
INSERT INTO "metric" VALUES(11,'phase-10c','leading_subset','mismatch_rows','61849','60907','-942','rows',NULL);
INSERT INTO "metric" VALUES(12,'phase-10c','full_10k','matches_mismatches','2363/7572','2897/7038',NULL,'files',NULL);
INSERT INTO "metric" VALUES(13,'phase-10c','full_10k','mismatch_rows','2759218','2755572','-3646','rows',NULL);
INSERT INTO "metric" VALUES(14,'phase-10e','full_10k_report_only','matches_mismatches',NULL,'2848/7087',NULL,'files','New tool schema/report-only run.');
INSERT INTO "metric" VALUES(15,'phase-10e','full_10k_report_only','mismatch_rows',NULL,'3652690',NULL,'rows',NULL);
INSERT INTO "metric" VALUES(16,'phase-10e','full_10k_report_only','elapsed',NULL,'28.912',NULL,'seconds','jobs=16 worker_chunk_size=16');
INSERT INTO "metric" VALUES(17,'phase-10f','target_tie_10_files','matches_mismatches','0/10','8/2',NULL,'files',NULL);
INSERT INTO "metric" VALUES(18,'phase-10f','target_tie_10_files','mismatch_rows','128','40','-88','rows',NULL);
INSERT INTO "metric" VALUES(19,'phase-10f','target_tie_10_files','tie_rows','88','0','-88','rows',NULL);
INSERT INTO "metric" VALUES(20,'phase-10f','full_10k','matches_mismatches','2848/7087','2945/6990',NULL,'files',NULL);
INSERT INTO "metric" VALUES(21,'phase-10f','full_10k','mismatch_rows','3652690','3649963','-2727','rows',NULL);
INSERT INTO "metric" VALUES(22,'phase-10f','full_10k','tie_rows','3398','671','-2727','rows',NULL);
INSERT INTO "metric" VALUES(23,'phase-10g','target_malformed_chord_1553_files','matches_mismatches','0/1553','128/1425',NULL,'files',NULL);
INSERT INTO "metric" VALUES(24,'phase-10g','target_malformed_chord_1553_files','mismatch_rows','64817','59154','-5663','rows',NULL);
INSERT INTO "metric" VALUES(25,'phase-10g','full_10k','matches_mismatches','2945/6990','3044/6891',NULL,'files',NULL);
INSERT INTO "metric" VALUES(26,'phase-10g','full_10k','mismatch_rows','3649963','3644300','-5663','rows',NULL);
INSERT INTO "metric" VALUES(27,'phase-10h','target_hyphen_777_files','matches_mismatches','0/777','42/735',NULL,'files',NULL);
INSERT INTO "metric" VALUES(28,'phase-10h','target_hyphen_777_files','mismatch_rows','346879','280647','-66232','rows',NULL);
INSERT INTO "metric" VALUES(29,'phase-10h','target_hyphen_777_files','lyric_rows','28984','627','-28357','rows',NULL);
INSERT INTO "metric" VALUES(30,'phase-10h','full_10k','matches_mismatches','3044/6891','3086/6849',NULL,'files',NULL);
INSERT INTO "metric" VALUES(31,'phase-10h','full_10k','mismatch_rows','3644300','3578068','-66232','rows',NULL);
INSERT INTO "metric" VALUES(32,'phase-10h','full_10k','lyric_rows','28985','628','-28357','rows',NULL);
INSERT INTO "metric" VALUES(33,'phase-10i','target_107_files','matches_mismatches','0/107','0/107','0','files','Target still structurally mismatches because of larger non-lyric categories; selected direct lyric issue improved.');
INSERT INTO "metric" VALUES(34,'phase-10i','target_107_files','mismatch_rows','266464','265905','-559','rows',NULL);
INSERT INTO "metric" VALUES(35,'phase-10i','target_107_files','lyric_component_rows','10063','9504','-559','rows',NULL);
INSERT INTO "metric" VALUES(36,'phase-10i','target_107_files','direct_lyric_rows',NULL,'89',NULL,'rows','After selected fix, direct lyric rows remain in 7 files.');
INSERT INTO "metric" VALUES(37,'phase-10i','target_107_files','improved_regressed_files',NULL,'17/0',NULL,'files','17 improved, 0 regressed in selected target evidence.');
INSERT INTO "metric" VALUES(38,'phase-10i','full_10k','matches_mismatches','3086/6849','3086/6849','0','files','No full-file match count change; selected rows reduced in target and full comparison.');
INSERT INTO "metric" VALUES(39,'phase-10i','full_10k','mismatch_rows','3578068','3578140','+72','rows','Report-only full run row accounting differs from Phase 10-h baseline; use triage details for selected direct lyric fix.');
INSERT INTO "metric" VALUES(40,'phase-10i','full_10k','direct_lyric_rows','628','89','-539','rows','Direct lyric rows after Phase 10-i: 89 in 7 files.');
INSERT INTO "metric" VALUES(41,'phase-10i','full_10k','exports_success_failure','9935/65','9935/65','0','files',NULL);
INSERT INTO "metric" VALUES(42,'phase-10i','full_10k','music21_import_failures','0/0','0/0','0','files','Croma/reference import failures.');
INSERT INTO "metric" VALUES(43,'phase-10i','full_10k','elapsed',NULL,'124.773',NULL,'seconds',NULL);
INSERT INTO "metric" VALUES(44,'phase-10k','full_10k','direct_lyric_rows','89','75',NULL,'rows','mismatch_category=lyric; remaining 75 in 4 files are downstream of measure-structure/overlay diffs');
INSERT INTO "metric" VALUES(45,'phase-10k','full_10k','lyric_target_files','7','4',NULL,'files','tune_009204/005254/003682 reach 100% lyric match');
INSERT INTO "metric" VALUES(46,'phase-10k','full_10k','mismatch_rows','3578140','3577076',NULL,'rows','net -1064; no category increased');
INSERT INTO "metric" VALUES(47,'phase-10k','full_10k','structural_matches','3086','3093',NULL,'files','+7 fully-matching files');
INSERT INTO "metric" VALUES(48,'phase-10k','full_10k','missing_in_croma','1794379','1794191',NULL,'rows','-188 lyric/symbol extender realignment');
INSERT INTO "metric" VALUES(49,'phase-10k','full_10k','extra_in_croma','1643332','1642470',NULL,'rows','-862 lyric/symbol extender realignment');
INSERT INTO "metric" VALUES(50,'phase-10k','full_10k','exports_success_failure','9935/65','9935/65',NULL,'files','unchanged; no new panics/failures');
INSERT INTO "metric" VALUES(51,'phase-10k','full_10k','import_failures','0/0','0/0',NULL,'files','croma/reference musicxml import failures');
INSERT INTO "metric" VALUES(52,'phase-10l','full_10k','mismatch_rows','3577076','3536841',NULL,'rows','-40235 across all categories; no regressions');
INSERT INTO "metric" VALUES(53,'phase-10l','full_10k','affected_files','62','62',NULL,'files','files with |[X: inline-field-after-barline pattern');
INSERT INTO "metric" VALUES(54,'phase-10l','full_10k','pitch','20575','17524',NULL,'rows','-3051');
INSERT INTO "metric" VALUES(55,'phase-10l','full_10k','duration','35199','32448',NULL,'rows','-2751');
INSERT INTO "metric" VALUES(56,'phase-10l','full_10k','measure_alignment','36128','34278',NULL,'rows','-1850');
INSERT INTO "metric" VALUES(57,'phase-10l','full_10k','structural_matches','3093','3094',NULL,'files','+1');
INSERT INTO "metric" VALUES(58,'phase-10m','full_10k','mismatch_rows','3536841','3524300',NULL,'rows','-12541; no regressions');
INSERT INTO "metric" VALUES(59,'phase-10m','full_10k','structural_matches','3094','3124',NULL,'files','+30 fully-matching');
INSERT INTO "metric" VALUES(60,'phase-10m','full_10k','duration','32448','24610',NULL,'rows','-7838 inline L/M');
INSERT INTO "metric" VALUES(61,'phase-10m','full_10k','accidental','9267','6768',NULL,'rows','-2499 inline K');
INSERT INTO "metric" VALUES(62,'phase-10m','full_10k','measure_alignment','34278','32267',NULL,'rows','-2011');
INSERT INTO "metric" VALUES(63,'phase-10n','full_10k','mismatch_rows','3524300','393045',NULL,'rows','-3,131,255 (-89%)');
INSERT INTO "metric" VALUES(64,'phase-10n','full_10k','missing_in_croma','1781788','113548',NULL,'rows','-1668240');
INSERT INTO "metric" VALUES(65,'phase-10n','full_10k','extra_in_croma','1625986','147500',NULL,'rows','-1478486');
INSERT INTO "metric" VALUES(66,'phase-10n','full_10k','structural_matches','3124','3153',NULL,'files','+29');
INSERT INTO "metric" VALUES(67,'phase-10n','full_10k','octave_exposed','8030','29970',NULL,'rows','+21940 pre-existing clef-octave now visible');
INSERT INTO "metric" VALUES(68,'phase-10o','full_10k','mismatch_rows','393045','375387',NULL,'rows','-17658');
INSERT INTO "metric" VALUES(69,'phase-10o','full_10k','octave','29970','12347',NULL,'rows','-17623 clef octave + property merge');
INSERT INTO "metric" VALUES(70,'phase-10o','full_10k','structural_matches','3153','3153',NULL,'files','unchanged');
INSERT INTO "metric" VALUES(71,'phase-10p','full_10k','mismatch_rows','375387','353827',NULL,'rows','-21560');
INSERT INTO "metric" VALUES(72,'phase-10p','full_10k','structural_matches','3153','3326',NULL,'files','+173');
INSERT INTO "metric" VALUES(73,'phase-10p','full_10k','extra_in_croma','147500','126517',NULL,'rows','-20983 W: verses to credits');
INSERT INTO "metric" VALUES(74,'phase-10p','full_10k','direction','5779','5133',NULL,'rows','-646');
INSERT INTO "metric" VALUES(75,'phase-10q','full_10k','mismatch_rows','353827','346454',NULL,'rows','-7373');
INSERT INTO "metric" VALUES(76,'phase-10q','full_10k','structural_matches','3326','3342',NULL,'files','+16');
INSERT INTO "metric" VALUES(77,'phase-10q','full_10k','extra_in_croma','126517','119199',NULL,'rows','-7318 decorations to notations');
INSERT INTO "metric" VALUES(78,'phase-10r','full_10k','mismatch_rows','346454','329547',NULL,'rows','-16907');
INSERT INTO "metric" VALUES(79,'phase-10r','full_10k','extra_in_croma','119199','110455',NULL,'rows','-8744');
INSERT INTO "metric" VALUES(80,'phase-10r','full_10k','missing_in_croma','113647','107172',NULL,'rows','-6475');
INSERT INTO "metric" VALUES(81,'phase-10r','full_10k','structural_matches','3342','3343',NULL,'files','+1');
INSERT INTO "metric" VALUES(82,'phase-10s','full_10k','mismatch_rows','329547','231594',NULL,'rows','-97953 (-30%)');
INSERT INTO "metric" VALUES(83,'phase-10s','full_10k','extra_in_croma','110455','65350',NULL,'rows','-45105');
INSERT INTO "metric" VALUES(84,'phase-10s','full_10k','missing_in_croma','107172','75912',NULL,'rows','-31260');
INSERT INTO "metric" VALUES(85,'phase-10s','full_10k','structural_matches','3343','3396',NULL,'files','+53');
INSERT INTO "metric" VALUES(86,'phase-10t','full_10k','mismatch_rows','231594','229329',NULL,'rows','-2265');
INSERT INTO "metric" VALUES(87,'phase-10t','full_10k','missing_in_croma','75912','74485',NULL,'rows','-1427 notes recovered');
INSERT INTO "metric" VALUES(88,'phase-10t','full_10k','structural_matches','3396','3396',NULL,'files','unchanged');
INSERT INTO "metric" VALUES(89,'phase-10-closure','full_10k','mismatch_rows','3578140','229329',NULL,'rows','-3,348,811 (-93.6%) across PR #25-#34');
INSERT INTO "metric" VALUES(90,'phase-10-closure','full_10k','structural_matches','3086','3396',NULL,'files','+310');
INSERT INTO "metric" VALUES(91,'phase-10-closure','full_10k','export_failures','65','65',NULL,'files','all abc.file.no_music (empty-body ABC)');
INSERT INTO "metric" VALUES(92,'phase-10-closure','full_10k','panics_harderrors_importfails','0','0',NULL,'count','no panics/hard errors/import failures');
INSERT INTO "metric" VALUES(93,'phase-11a','full_10k','mismatch_rows','229329','214560',NULL,'rows','-14769');
INSERT INTO "metric" VALUES(94,'phase-11a','full_10k','structural_matches','3396','3501',NULL,'files','+105');
INSERT INTO "metric" VALUES(95,'phase-11a','full_10k','extra_in_croma','65318','57618',NULL,'rows','-7700');
INSERT INTO "metric" VALUES(96,'phase-11a','full_10k','missing_in_croma','74485','67819',NULL,'rows','-6666');
INSERT INTO "metric" VALUES(97,'phase-11i','full-10k','harmony','6131','5496','-635','mismatch_rows','baseline phase-11h');
INSERT INTO "metric" VALUES(98,'phase-11i','full-10k','structural_matches','6443','6581','+138','files','net +138');
INSERT INTO "metric" VALUES(99,'phase-11i','full-10k','mismatch_rows','203622','202005','-1617','rows','');
INSERT INTO "metric" VALUES(100,'phase-11i','full-10k','croma_export_failures','65','65','0','files','unchanged');
INSERT INTO "metric" VALUES(101,'phase-11i','full-10k','regressions_match_to_mismatch','0','0','0','files','per-file summary diff');
INSERT INTO "metric" VALUES(102,'phase-23','full-10k','structural_matches','7031','7031','0','files','Exact origin/main baseline vs phase-23 full corpus comparison.');
INSERT INTO "metric" VALUES(103,'phase-23','full-10k','mismatch_rows','185089','184806','-283','rows','No mismatch category increases.');
INSERT INTO "metric" VALUES(104,'phase-23','full-10k','match_to_mismatch','0','0','0','files','Per-file comparison against exact origin/main baseline.');
INSERT INTO "metric" VALUES(105,'phase-23','full-10k','worse_files','0','0','0','files','No per-file row-count regressions.');
INSERT INTO "metric" VALUES(106,'phase-23','target-files','tune_014316_measures','23','22','-1','measures','Note count stayed 53.');
INSERT INTO "metric" VALUES(107,'phase-23','target-files','tune_014317_measures','23','22','-1','measures','Note count stayed 53.');
INSERT INTO "metric" VALUES(108,'phase-23','prover','RESIDUAL_PHANTOM_CROMA','2','0','-2','files','tools/prove_divergences.py verdict disappeared.');
INSERT INTO "metric" VALUES(109,'phase-23','prover','REVIEW','0','0','0','files','No unclassified divergence files.');
INSERT INTO "metric" VALUES(110,'phase-27-abc-writer','abc-roundtrip','in_scope_coverage',NULL,'31.49',NULL,'percent','3149/10000 tunes in slice-1 scope');
INSERT INTO "metric" VALUES(111,'phase-27-abc-writer','abc-roundtrip','structural_diffs',NULL,'0',NULL,'count','0 over in-scope subset');
INSERT INTO "metric" VALUES(112,'phase-27-abc-writer','abc-roundtrip','fmt_fixed_point',NULL,'1200',NULL,'count','1200/1200 in-scope sampled outputs are croma fmt fixed points');
INSERT INTO "metric" VALUES(113,'phase-28-abc-writer-coverage','abc-roundtrip','in_scope_coverage','31.49','56.99','25.5','percent','5699/10000 tunes; 0 structural diffs');
INSERT INTO "metric" VALUES(114,'phase-29-abc-writer-coverage-2','abc-roundtrip','in_scope_coverage','56.99','92.49','35.5','percent','9249/10000 tunes; 0 structural diffs; writer-side ceiling (rest is parser-capped)');
INSERT INTO "metric" VALUES(115,'phase-30-parser-fixes','abc-roundtrip','in_scope_coverage','92.49','92.63','+0.14','percent','rest-led tuplet tunes flipped in scope; safety-net and gates removed');
INSERT INTO "metric" VALUES(116,'phase-30-parser-fixes','abc-roundtrip','structural_diffs','0','0','0','files','bar held with writer safety-net and harness exclusions removed');
INSERT INTO "metric" VALUES(117,'phase-30-parser-fixes','reference-compare','structural_matches','7031','7274','+243','files','zero match-to-mismatch flips; 385 files improved, 14 worse (newly-emitted harmony/direction content vs reference representation)');
INSERT INTO "metric" VALUES(118,'phase-30-parser-fixes','reference-compare','mismatch_rows','184806','179562','-5244','rows','no category increases');
INSERT INTO "metric" VALUES(119,'phase-30-parser-fixes','reference-compare','accidental_rows','5887','5803','-84','rows','fix 2 (tie carry + mid-tune M:/K: reset removal) reduced accidental divergence');
INSERT INTO "metric" VALUES(120,'phase-30-parser-fixes','reference-compare','harmony_rows','5499','2048','-3451','rows','fix 1: quoted text no longer dropped before grace/slur/tuplet');
INSERT INTO "metric" VALUES(121,'phase-30-parser-fixes','reference-compare','tuplet_rows','722','691','-31','rows','fix 3: tuplet notation now on rests, matching abc2xml');
INSERT INTO "metric" VALUES(122,'phase-31-compare-cache','compare-perf','report_only_rerun_seconds','28.99','0.63','-28.36','seconds','unchanged inputs, --jobs 0 (15 workers), same machine controlled --no-cache vs warm cache');
INSERT INTO "metric" VALUES(123,'phase-31-compare-cache','compare-perf','report_only_incremental_seconds','28.99','2.5','-26.49','seconds','rerun after parser change affecting 448 of 9935 pairs (parser-fixes baseline xml)');
INSERT INTO "metric" VALUES(124,'phase-31-compare-cache','compare-perf','component_selector_seconds','30.13','3.14','-26.99','seconds','lyric selector writing mismatch tables; facts layer only (19870 hits, 0 music21 parses)');
INSERT INTO "metric" VALUES(125,'phase-31-compare-cache','compare-perf','per_task_ms_per_file','37.94','29.76','-8.18','ms','single-process stage profile over 80 real pairs: row building 8.6->3.2 ms (fast encode, no per-row key), join 4.4->3.9 ms (single-key)');
INSERT INTO "metric" VALUES(126,'phase-31-compare-cache','compare-perf','uncached_full_run_seconds_ab','73.97','61.05','-12.92','seconds','same-machine same-contention A/B via git stash; morning idle-machine equivalents were ~29 s');
INSERT INTO "metric" VALUES(127,'phase-31-compare-cache','compare-perf','value_encode_ms_per_file','1.2','0.3','-0.9','ms','orjson vs hand-rolled fast path (stdlib pre-phase was 1.85 ms); measured over 100k real fact values');
INSERT INTO "metric" VALUES(128,'phase-31-compare-cache','compare-perf','row_building_ms_per_file','3.15','2.68','-0.47','ms','both sides combined, single-process profile over 80 real pairs; pre-phase baseline 8.6 ms');
INSERT INTO "metric" VALUES(129,'phase-31-compare-cache','compare-perf','row_building_ms_per_file_v3','2.68','1.83','-0.85','ms','typed tuple rows vs orjson dict rows; pre-phase baseline 8.6 ms; offset by wider-frame ndjson serialize (+0.2 ms), net per-task neutral');
INSERT INTO "metric" VALUES(130,'phase-32-midtune-key-meter','abc-roundtrip','in_scope_coverage','92.63','99.25','6.62','percent','9925/10000; 0 structural diffs; KEY/TIME now in the projection');
INSERT INTO "metric" VALUES(131,'phase-32-midtune-key-meter','reference-compare','structural_matches','7274','7536','262','files','mismatch rows 179562->174701; measure_alignment -4830; no category increases');
INSERT INTO "metric" VALUES(132,'phase-33-compare-triage','corpus','reference_matches','7536','8825','+1289','files',NULL);
INSERT INTO "metric" VALUES(133,'phase-33-compare-triage','corpus','mismatch_rows','174701','168183','-6518','rows',NULL);
INSERT INTO "metric" VALUES(134,'phase-33-compare-triage','corpus','roundtrip_coverage','99.25/0diffs','99.25/0diffs','unchanged','pct',NULL);
INSERT INTO "metric" VALUES(135,'phase-35-ledger-burndown','corpus','mismatch_rows','167943','164267','-3676','rows','Multirest expansion removed the invalid one-measure overlong-rest cascades; zero per-file regressions.');
INSERT INTO "metric" VALUES(136,'phase-35-ledger-burndown','corpus','reference_matches','8858','8861','+3','files','Compared docs/untracked/phase-33/b8-per-file-summary.jsonl to docs/untracked/phase-35/multirest-b1/full-10k-per-file-summary.jsonl.');
INSERT INTO "metric" VALUES(137,'phase-35-ledger-burndown','corpus','roundtrip_coverage','99.25/0diffs','99.25/0diffs','unchanged','pct','uv run python tools/prove_abc_roundtrip.py --abc-root docs/untracked/corpus/zenodo-10k/abc');
INSERT INTO "metric" VALUES(138,'phase-36-ledger-burndown','targeted','one_note_tuplet_rows','8','6','-2','rows','Targeted tune_010459/tune_010462 after-compare: residual rows are croma startStop vs abc2xml/music21 null from reference stop-only encoding, not dangling Croma starts.');
INSERT INTO "metric" VALUES(139,'phase-36-ledger-burndown','corpus','mismatch_rows','164267','164265','-2','rows','Full 10k report-only compare after one-note tuplet fix; targeted residuals are reference/comparator artifacts.');
INSERT INTO "metric" VALUES(140,'phase-36-ledger-burndown','corpus','reference_matches','8861','8861','unchanged','files','Full 10k report-only compare: structural_matches remains 8861; no MusicXML import failures.');
INSERT INTO "metric" VALUES(141,'phase-36-ledger-burndown','corpus','tuplet_rows','609','607','-2','rows','Full 10k report-only compare category total after balanced one-note tuplet export.');
INSERT INTO "metric" VALUES(142,'phase-37-ledger-burndown','full-10k compare vs phase-36','structural_matches','8861','8865','+4','files','Report-only comparison docs/untracked/phase-37-ledger-burndown/full-10k-report-only-compare-report.json with phase-36 aggregate baseline.');
INSERT INTO "metric" VALUES(143,'phase-37-ledger-burndown','full-10k compare vs phase-36','mismatch_rows','164265','164220','-45','rows','Aggregate total mismatch rows.');
INSERT INTO "metric" VALUES(144,'phase-37-ledger-burndown','full-10k compare vs phase-36','direction_rows','463','459','-4','rows','Supported decorations no longer emitted as direction words.');
INSERT INTO "metric" VALUES(145,'phase-37-ledger-burndown','full-10k compare vs phase-36','extra_in_croma_rows','47606','47565','-41','rows','Supported decorations no longer emitted as extra fallback words.');
CREATE TABLE phase (
  phase_id TEXT PRIMARY KEY,
  branch TEXT,
  status TEXT NOT NULL CHECK (status IN ('planned','in_progress','complete','merged','blocked','unknown')),
  pr_number INTEGER,
  pr_url TEXT,
  commit_hash TEXT,
  selected_target TEXT,
  classification TEXT,
  summary TEXT,
  next_recommended_target TEXT,
  updated_at TEXT NOT NULL DEFAULT (datetime('now'))
);
INSERT INTO "phase" VALUES('phase-9','codex/phase-9-cli-corpus-gate','complete',NULL,NULL,NULL,'CLI/corpus smoke gate and 66-failure evidence review','mixed: one Croma bug fixed; rest malformed/reference artifacts','10k corpus smoke gate rerun: 9935 successes, 65 failures, 0 panics/hard errors/timeouts after fixing body V: same-line music tail.','Move to full 10k music21 structural comparison.','2026-06-06 01:33:56');
INSERT INTO "phase" VALUES('phase-10','codex/phase-10-full-music21-compare','merged',11,NULL,NULL,'Full 10k music21 structural comparison','comparison baseline','Croma XML importability bugs addressed; 10000 attempted, 9935 exports, 0 music21 import failures, 1335 matches, 8600 mismatches.','Use mismatch categories to choose focused parser fixes.','2026-06-06 01:33:56');
INSERT INTO "phase" VALUES('phase-10a','codex/phase-10a-mismatch-root-causes','merged',12,NULL,'7d7ab46','Polars/root-cause triage','triage/evidence','Identified major clusters: V: voices collapsed, leading first-body barline, tuplet/broken drift, grace/key policy, chord/tie residual alignment, inline state drift, hidden rests.','Fix leading first-measure barline policy first.','2026-06-06 01:33:56');
INSERT INTO "phase" VALUES('phase-10b','codex/phase-10b-leading-barline-policy','merged',13,NULL,'41f5c39','Leading first-body barline policy','Croma bug fixed with known policy edge cases','Leading |, [|, |:, ||, |], liberal first-body barlines no longer create empty measure 1; targeted subset improved sharply.','Define liberal combined barline spellings.','2026-06-06 01:33:56');
INSERT INTO "phase" VALUES('phase-10c','codex/phase-10c-liberal-barlines','merged',14,NULL,'accf7dc','Liberal combined barlines','Croma policy fix','Defined ||:, [|:, :||, :|], :||:, :|:, ::, |::, ::| behavior; full 10k improved to 2897 matches / 7038 mismatches.','Small repeat-policy classification follow-up.','2026-06-06 01:33:56');
INSERT INTO "phase" VALUES('phase-10d','codex/phase-10d-repeat-policy-classification','merged',15,NULL,'d26b318','Repeat policy tests/classification','policy/tests','Added Phase 10-d repeat policy tests after Phase 10-c; details are in PR #15/local reports if needed.','Improve comparison tooling throughput and queryability.','2026-06-06 01:33:56');
INSERT INTO "phase" VALUES('phase-10e','codex/phase-10e-polars-parallel-comparison-tools','merged',16,NULL,'f22a9d1','Parallel music21 + Polars comparison tooling','tooling enhancement','Added jobs/chunk/progress/component/file filters, normalized fact/comparison/mismatch tables, summaries, baseline delta support. Full 10k report-only run took 28.912s with jobs=16.','Use Polars evidence to select focused parser fixes.','2026-06-06 01:33:56');
INSERT INTO "phase" VALUES('phase-10f','codex/phase-10f-polars-guided-parser-fix','merged',17,NULL,'2fbfae2','Cross-bar tie propagation','Croma bug fixed','Legal same-pitch ties across barlines no longer finalize before resolution. Target tie rows 88 -> 0; full tie rows 3398 -> 671.','Text/direction leakage or residual tie mixed cases.','2026-06-06 01:33:56');
INSERT INTO "phase" VALUES('phase-10g','codex/phase-10g-text-direction-leakage','merged',18,'https://github.com/ro-ag/croma/pull/18','640c7a6','Malformed unprefixed quoted chord strings','Croma MusicXML export bug fixed','Strings like "(A7)" and "C/" export as words instead of fake harmony; valid chord symbols still export as harmony. Full mismatch rows -5663.','Body w: lyric alignment/control mismatches.','2026-06-06 01:33:56');
INSERT INTO "phase" VALUES('phase-10h','codex/phase-10h-lyric-alignment-controls','merged',19,NULL,'ce6c160','Lyric hyphen control MusicXML export','Croma MusicXML export bug fixed','ABC lyric - controls no longer export as standalone sung text; escaped literal hyphens remain text. Full mismatch rows -66232; lyric rows 28985 -> 628.','Residual _ melisma/hold lyric alignment, especially tune_000509.abc.','2026-06-06 01:33:56');
INSERT INTO "phase" VALUES('phase-10i','codex/phase-10i-lyric-melisma-hold','merged',20,'https://github.com/ro-ag/croma/pull/20','51440fb','NBSP lyric tokenization plus empty-extender comparison for _ melisma holds','Croma bug plus comparison harness bug fixed','Fixed tune_000509-style lyric _ melisma/hold evidence: Croma no longer treats U+00A0 inside body w: lyrics as a separator, and comparison tooling preserves empty MusicXML lyric extender slots. Target direct lyric rows reduced; no targeted regressions.','Remaining direct lyric rows: 89 rows in 7 files, likely lyric cursor/reference-policy behavior; triage separately.','2026-06-06 01:46:30');
INSERT INTO "phase" VALUES('testbed-reproducibility','codex/testbed-reproducibility-recipe','complete',NULL,NULL,NULL,'Corpus/testbed recreation recipe','documentation/infrastructure','Added a committed recipe for recreating full 10k exports, report-only Music21/Polars comparisons, optional large table artifacts, targeted corpus selection, targeted comparisons, validation queries, and progress tracker restore/query/export workflow. Updated corpus inventory to the local trd_obsolete input/reference roots.','Use the recipe before the next parser phase; then triage the remaining 89 direct lyric rows in 7 files.','2026-06-06 02:01:00');
INSERT INTO "phase" VALUES('linux-sandbox-env','codex/phase-10j-linux-sandbox-env','complete',NULL,NULL,NULL,'Port dev-environment and corpus reproducibility docs from macOS-only paths to a portable Linux cloud sandbox + Nix flake setup; provision Rust 1.96.0 (rustup) and uv Python env','tooling/docs','Rewrote docs/development-environment.md for Linux cloud sandbox (rustup) and local Nix flake; made docs/testing/corpus-reproducibility.md environment-agnostic (ABC_ROOT/REF_ROOT vars, rust-toolchain.toml instead of absolute toolchain path); added provenance note to corpus-inventory.md; updated pinned_toolchain memory and added dev_environments memory. Built env: cargo build -p croma-cli OK, uv sync OK; cargo test --workspace green (cli 18, croma-core 145, croma-fmt 1).','Provision the external 10k corpus (ABC_ROOT/REF_ROOT) into the sandbox, then triage the residual 89 direct lyric rows in 7 files per phase-10i.','2026-06-06 02:24:17');
INSERT INTO "phase" VALUES('bootstrap-hardening','codex/bootstrap-hardening','complete',NULL,NULL,NULL,'Session bootstrap fail-fast behavior and uv fallback','tooling fix','Hardened tools/session_bootstrap.sh with fail-fast behavior, uv/python3 progress restore fallback, optional verified Git LFS ABC corpus cache import, Zenodo fallback provisioning, and explicit partial corpus status.','Continue Phase 10 parser work after provisioning ABC corpus and reference MusicXML; residual lyric policy triage remains next.','2026-06-06 04:35:22');
INSERT INTO "phase" VALUES('phase-10k','work/phase-10k-lyric-bar-marker','merged',25,'https://github.com/ro-ag/croma/pull/25',NULL,'Residual 89 direct lyric rows in 7 files (lyric cursor/bar-marker policy)','Croma bug fixed (two spec violations); residual rows justified as measure-model/overlay downstream artifacts','Fixed two ABC 2.1 section 5.1 violations: (1) a w:/s: bar marker now advances to the next bar at a block boundary and for consecutive markers instead of being ignored against the previous block note; (2) a hyphen preceded by a space or another hyphen now holds a blank note instead of exporting a literal dash. Direct lyric rows 89->75 across the full 10k; 3 files reach 100% lyric match and +7 files now fully match structurally with no category regressions. Remaining 75 rows in 4 files are downstream of measure-structure (empty leading harmony measure, cut-time grouping, inline meter-change empty measures) or voice-overlay divergences, which the positional comparison cannot align; lyric-to-note alignment is itself correct.','Triage measure-model differences: leading bare-harmony empty measure (tune_006403) and inline meter-change spurious empty measures (tune_002325); both are high-value measure_alignment/barline targets.','2026-06-06 06:34:21');
INSERT INTO "phase" VALUES('phase-10l','work/phase-10l-inline-field-barline','merged',NULL,NULL,NULL,'Inline information field after a barline mis-parsed as a liberal combined barline','Croma parser bug fixed','Fixed a parser bug where a barline immediately followed by an inline field (e.g. |[M:3/8], |[K:D]) swallowed the [ into a liberal |[ barline, dropping the field and inserting a spurious empty measure plus cascading garbage. The barline scan now stops before a [ that begins an inline field. Full 10k report-only mismatch rows drop 3,577,076 -> 3,536,841 (-40,235) with every category improved and none regressed; affects 62 corpus files. tune_002325 fully resolves (11 measures matching reference, 100 percent lyric match).','Apply inline [K:]/[M:]/[L:] changes (parsed but not yet applied): 377 files use inline key changes, 135 use inline meter; route them to the existing key/meter/unit change handlers and emit mid-tune key signatures.','2026-06-06 06:34:21');
INSERT INTO "phase" VALUES('phase-10m','work/phase-10m-inline-field-apply','merged',NULL,NULL,NULL,'Inline [K:]/[M:]/[L:] information fields parsed but never applied mid-tune','Croma parser bug fixed','Routed inline [M:]/[K:]/[L:] fields to the existing meter/key/unit change handlers so a mid-line change affects subsequent notes (accidentals, durations, meter). Hardened key tonic parsing so a clef shorthand or property token (bass, clef=bass) that happens to start with a note letter is no longer misread as a key change, and a clef-only inline [K:] leaves the signature untouched. Full 10k mismatch rows drop 3,536,841 -> 3,524,300 (-12,541): duration -7,838, accidental -2,499, measure_alignment -2,011, plus +30 fully-matching files and no category regressions.','Emit mid-tune <key>/<time> attributes in the MusicXML writer (currently applied to notes but not declared); then triage the remaining large missing_in_croma/extra_in_croma categories.','2026-06-06 07:01:17');
INSERT INTO "phase" VALUES('phase-10n','work/phase-10n-multipart-export','merged',NULL,NULL,NULL,'Single combined MusicXML part for multi-voice tunes vs one part per voice in abc2xml','Croma export model gap fixed (multi-voice multipart)','build_score_model now emits one MusicXML part per ABC voice (single score-partwise document, all parts), matching abc2xml/music21 and Finale-style export. Single-voice tunes are unchanged. Full 10k mismatch rows drop 3,524,300 -> 393,045 (-3,131,255, -89 percent): missing_in_croma -1,668,240, extra_in_croma -1,478,486, measure_alignment -10,957, slur -1,574, metadata -634, +29 fully-matching files. Correct part alignment EXPOSES pre-existing per-note mismatches previously hidden in the missing/extra bucket: octave +21,940 (clef octave transposition like clef=treble-8 not applied), duration +3,054, pitch +1,469, accidental +1,307. These are now visible and become the next targets.','Apply clef octave transposition (clef=treble-8/+8, octave=N) to voice note octaves to match abc2xml (octave +21,940 exposed by multipart).','2026-06-06 16:46:07');
INSERT INTO "phase" VALUES('phase-10o','work/phase-10o-clef-octave','merged',NULL,NULL,NULL,'Clef octave transposition (clef=treble-8 etc.) not applied; bare V: switch clobbered header voice properties','Croma export bug fixed','Apply the clef octave suffix (clef=treble-8/+8, +/-15) and octave= property as a per-voice octave shift on note octaves, and emit a matching clef-octave-change. Also fixed a pre-existing bug where a bare body V: switch overwrote a voices header-defined properties (clef/name/etc.) with empty values; properties now merge so each voice keeps its clef. Full 10k octave mismatches drop 29,970 -> 12,347 (-17,623), total rows 393,045 -> 375,387 (-17,658), no category regressions.','Triage remaining duration (27,664), measure_alignment (21,310), pitch (18,993), and the residual missing/extra (261k) categories.','2026-06-06 17:25:23');
INSERT INTO "phase" VALUES('phase-10p','work/phase-10p-direction-cleanup','merged',NULL,NULL,NULL,'W: post-tune words emitted as in-measure directions and duplicated per part','Croma export corrected to ABC + MusicXML specs','Per ABC 2.1 (W: = words printed after the tune) and MusicXML (page-level text = score-header <credit>), W: post-tune verses now export as <credit><credit-words> instead of in-measure <words> directions, and empty W: lines are skipped. Score-level directions (tempo, %% directives) are emitted once in the first part instead of once per voice-part. Full 10k structural matches +173 (3,153 -> 3,326), mismatch rows 375,387 -> 353,827 (-21,560): extra_in_croma -20,983, direction -646, with +69 missing_in_croma edge. abc2xml is only a baseline; this follows the ABC and MusicXML specs.','Map ABC decorations (!fermata!, articulations, ornaments) to MusicXML notation elements instead of <words> directions; then duration/pitch residuals.','2026-06-06 22:40:16');
INSERT INTO "phase" VALUES('phase-10q','work/phase-10q-decoration-notations','merged',NULL,NULL,NULL,'ABC decorations (fermata, articulations) emitted as <words> directions instead of notation elements','Croma export corrected to MusicXML notation categories','Map ABC !decorations! to the correct MusicXML <notations> category per the ABC 2.1 decoration list and MusicXML schema: fermata/invertedfermata -> <fermata>, staccato/accent/tenuto/wedge/marcato/breath -> <articulations>, trill/mordent/turn etc -> <ornaments>, upbow/downbow/open/thumb/snap -> <technical>. Previously only staccato/trill were handled (and staccato was wrongly placed in <ornaments>); everything else fell through to <words>. Full 10k structural matches +16 (3,326 -> 3,342), mismatch rows 353,827 -> 346,454 (-7,373): extra_in_croma -7,318, direction -85. fermata is the most common decoration in the corpus (6,669).','Triage duration (27,664), measure_alignment (21,310), pitch (18,993), octave (12,347), and residual missing/extra; then write the Phase 10 closure report.','2026-06-07 00:04:28');
INSERT INTO "phase" VALUES('phase-10r','work/phase-10r-staccato-chord-length','merged',NULL,NULL,NULL,'Staccato chord .[...] mis-parsed as a dotted barline, splitting the chord and dropping its length','Croma parser bug fixed','parse_dot treated [ as a barline character, so a staccato chord like .[CE]2 became a dotted barline plus separate notes with the length suffix lost. A dotted barline now starts only before | or :, so .[...] parses as a staccato chord that keeps its length. Full 10k mismatch rows 346,454 -> 329,547 (-16,907): extra_in_croma -8,744, missing_in_croma -6,475, with nearly every category improved (the chord split had cascaded into note/pitch/duration counts). Affects 94 occurrences in 20 files plus downstream.','Triage remaining duration (27,172), measure_alignment (20,895), pitch (18,707), octave (12,186), and residual missing/extra.','2026-06-07 00:59:47');
INSERT INTO "phase" VALUES('phase-10s','work/phase-10s-chord-barline','merged',NULL,NULL,NULL,'A chord adjacent to a barline (|[G2C,2], ][) mis-parsed as a liberal combined barline, splitting chords and over-fragmenting measures','Croma parser bug fixed','[ is a barline character (for [|, [::]), so the greedy barline scanner swallowed the [ that opens a chord right after a bar (|[G2C,2]) or between adjacent chords (][). The chord was split into separate notes and spurious measure boundaries were inserted. The scanner now stops at a [ that appears mid-scan and is not part of [|, so chords adjacent to barlines stay intact. Also fixed an infinite-loop edge for [] / [: by restoring the original parse_left_bracket guard. Full 10k mismatch rows 329,547 -> 231,594 (-97,953, -30 percent): extra_in_croma -45,105, missing_in_croma -31,260, with almost every category improving (chord splitting had cascaded into note/pitch/duration/measure counts). Affects 317 chord-heavy files.','Triage remaining missing/extra (141k), duration (21,965), measure_alignment (15,295), pitch (14,054), and the %%staves brace/paren grouping (multi-staff parts).','2026-06-07 04:55:49');
INSERT INTO "phase" VALUES('phase-10t','work/phase-10t-unclosed-decoration','merged',34,'https://github.com/ro-ag/croma/pull/34',NULL,'An unclosed ! decoration swallowed the following notes as its name','Croma parser bug fixed','parse_decoration scanned an unclosed ! up to whitespace or a barline, so a stray ! before notes (e.g. !f2e2f2, a deprecated line-break or typo) consumed those notes as the decoration name and dropped them. The recovery now keeps only the ! as malformed and rewinds so the following notes parse normally, matching abc2xml. Full 10k mismatch rows 231,594 -> 229,329 (-2,265): missing_in_croma -1,427, with nearly every category improving and no regression. tune_004513/004512 recover 3 dropped notes each (95 -> 98).','Triage the %%staves brace/paren grouping (multi-staff parts, biggest remaining systematic gap) and remaining measure-structure offsets.','2026-06-07 07:37:32');
INSERT INTO "phase" VALUES('phase-10-closure','work/phase-10-closure','merged',NULL,NULL,NULL,'Phase 10 corpus-driven parser/export hardening closure report','Phase 10 closure','Phase 10 closed: full 10k mismatch rows 3,578,140 -> 229,329 (-93.6 percent), structural matches 3,086 -> 3,396 (+310), across 10 merged spec-grounded fixes (PR #25-#34). No corpus panics, hard errors, or MusicXML import failures; 65 export failures are no-music/empty-body ABC documents. Remaining mismatches classified as abc2xml reference artifacts (Croma spec-correct), the %%staves () grouping deferred model gap (~8 files), small per-file measure issues, and positional comparison cascade. Closure report at docs/progress/phase-10-closure-report.md.','Implement %%staves () grouping (merge grouped voices into one multi-voice part); then deferred MusicXML writer refinements, then formatter/LSP per the roadmap.','2026-06-07 07:41:38');
INSERT INTO "phase" VALUES('phase-11a','work/phase-11a-staves-paren-grouping','merged',36,NULL,NULL,'%%staves () grouping ignored (one part per voice) and %%staves emitted as a words direction','Croma model gap fixed (multi-staff grouping)','Recognize %%staves like %%score and honour parenthesis grouping: voices inside a () group merge into one multi-voice part (overlay), while [] brackets and {} braces keep one part per voice. %%staves is now a parsed score directive instead of a preserved directive, so it is no longer emitted as a <words> direction. Full 10k structural matches +105 (3,396 -> 3,501), mismatch rows 229,329 -> 214,560 (-14,769): extra_in_croma -7,700, missing_in_croma -6,666, metadata -7, no regressions. tune_003557 now matches abc2xml part structure (3 parts).','Deferred MusicXML writer refinements (mid-tune <key>/<time>), then formatter/LSP per the roadmap; remaining residual is abc2xml reference artifacts and small per-file measure issues.','2026-06-07 08:03:19');
INSERT INTO "phase" VALUES('phase-11b','work/phase-11b-tempo-metronome','merged',37,'https://github.com/ro-ag/croma/pull/37','2e3256f','Q: tempo field exported as plain <words> (TextExpression) instead of a MusicXML metronome direction','Croma export gap fixed (spec-correct)','Q: tempo fields were emitted as <words>, so music21 read a generic TextExpression instead of a MetronomeMark. Now parse Q: into a tempo model and emit a <metronome> direction (beat-unit/beat-unit-dot/per-minute + sound tempo) matching ABC 2.1 3.1.8 and the MusicXML spec. Full 10k: structural matches 3,501 -> 5,263 (+1,762 files); mismatch rows 214,560 -> 211,589 (-2,971); direction 5,016 -> 2,059 (-2,957), no category regressions. Residual direction rows are abc2xml guessing bpm from free text / Italian tempo-name lookup (beyond spec) — Croma is spec-correct to keep them as words.','Triage duration (21,635), measure_alignment (14,998), pitch (13,776), octave (9,921), accidental (6,366) for systematic Croma bugs; remaining direction residual is reference artifact.','2026-06-07 20:03:13');
INSERT INTO "phase" VALUES('phase-11c','work/phase-11c-parallel-harness','merged',38,NULL,'8e340c7','Corpus tooling ran the export serially and the comparison on all 16 cores','Local tooling performance','corpus_harness.py export loop was fully serial and music21_polars_corpus_compare.py used all CPU cores. Parallelized the harness export over a ProcessPoolExecutor and capped both tools at cores-1 (host CPU minus 1) to keep the main process healthy. Output is byte-identical to serial (verified on 500 files, order preserved, resume intact); export speedup 3.6-7.2x. Local-only dev tooling, not in CI.','Fix the two confirmed accidental Croma bugs: inline [K:] key change leaking across all voices (should scope to current voice), and tie-across-barline losing the tied accidental (reset_measure_accidentals ignores pending_tie).','2026-06-07 20:22:53');
INSERT INTO "phase" VALUES('phase-11d','work/phase-11d-accidental-propagation','merged',39,NULL,'2f12fad','accidental category: inline [K:] leaking across voices and tie-across-barline losing the tied accidental','Croma parser bugs fixed (spec-correct)','Two confirmed accidental bugs. (A) an inline [K:] inside one voice line was applied to all voices, wiping their key accidentals; now scoped to the current voice only (ABC 2.1 sec 7), header K: unchanged. (B) a tie crossing a barline lost its accidental because reset_measure_accidentals cleared it and the stop note re-resolved from the key; now the tied pitch is preserved across the barline reset (ABC 2.1 sec 4.20). Full 10k: matches 5,263 -> 5,269 (+6); mismatch rows 211,589 -> 211,425 (-164); accidental 6,366 -> 6,215 (-151), slur -13, no regressions. Residual accidental rows are abc2xml courtesy naturals (beyond ABC 2.1 sec 4.2) — Croma is spec-correct.','Triage barline (5,846; 353 single-category files) and measure_alignment (14,998; 257 single-category) for the next systematic Croma bug; duration/pitch/octave remain.','2026-06-07 20:41:34');
INSERT INTO "phase" VALUES('phase-11e','work/phase-11e-repeat-start-placement','merged',40,NULL,'19abba9','barline category: repeat-start |: placed one measure too early (or dropped), and |] final barline dropped when followed by |','Croma parser/export bugs fixed (spec-correct)','Repeat-start |: that follows content was stored on the preceding measure and emitted as its left forward-repeat instead of the left barline of the measure beginning the repeat (ABC 2.1 sec 6). Fixed by deferring a trailing RepeatStart to the next measure via the existing pending_left_repeat path; leading |: unchanged. Also fixed |]| where the greedy barline tokenizer ate |] (Final) into a Liberal run — parse_barline now breaks after ] . Full 10k: matches 5,269 -> 5,556 (+287); mismatch rows 211,425 -> 210,106 (-1,319); barline 5,846 -> 3,341 (-2,505). Other categories rose from positional-cascade exposure (corrected measure boundaries realign the positional comparison). Per-file check: 288 files gained perfect match, 1 regressed by a single barline row (tune_010088, a 4-voice tune with an empty trailing |] measure).','Follow up tune_010088 multi-voice empty trailing measure final-barline edge; then research the remaining structural mismatch landscape (duration, pitch, measure_alignment, missing/extra cascades).','2026-06-07 23:56:14');
INSERT INTO "phase" VALUES('phase-11f','work/phase-11f-shorthand-decorations','merged',41,NULL,'13db6ef','extra_in_croma direction: ABC shorthand decorations emitted as <words> instead of MusicXML notations','Croma export bug fixed (spec-correct)','ABC 2.1 sec 4.14 single-char shorthand decorations (H fermata, T trill, u/v bowing, M/P mordents, S segno, O coda, L accent, ~ roll) and U:-defined symbols were stored as the raw char and exported as <words>, since the exporter only matched canonical long names (phase-10q). Now normalized to canonical names at parse time so they map through the existing notation/symbol/articulation path; ~ (roll, no clean MusicXML equivalent, abc2xml emits nothing) is suppressed (no words, no diagnostic). Full 10k: matches 5,556 -> 6,364 (+808); mismatch rows 210,106 -> 204,096 (-6,010); extra_in_croma -5,630, direction -585; zero match->mismatch regressions. Research-confirmed largest actionable clean signal.','Fix grace-note length modifiers (grace <type> from count only, ignores written length) for the duration category; then harmony chord-symbol diffs. Remaining missing/extra and accidental are mostly abc2xml reference artifacts (phantom measures, hardcoded L:1/8, courtesy naturals).','2026-06-08 02:02:37');
INSERT INTO "phase" VALUES('phase-11g','work/phase-11g-grace-note-length','merged',42,NULL,'5f877ab','duration category: grace-note written length modifiers ignored (grace <type> from group count only)','Croma export bug fixed (spec-correct)','Grace note <type> was derived solely from the grace-group note count, discarding each grace note written length modifier (/,2). Now the grace length multiplier is threaded through grace_note_event_model and the display duration is base(count) x multiplier, matching abc2xml ({B}=eighth, {B/}=16th, {AG}=16th, {A/G/}=32nd); grace notes still emit <grace/> with no <duration>. Full 10k: matches 6,364 -> 6,410 (+46); mismatch rows 204,096 -> 203,761 (-335); duration -335, zero changes in every other category (no regressions). Remaining duration is largely abc2xml hardcoded L:1/8 default (reference artifact, Croma spec-correct per ABC 2.1 4.6).','Harmony chord-symbol diffs (6,270) next; or %%MIDI directives over-rendered as words. Remaining missing/extra, pitch, octave, measure_alignment, accidental are mostly abc2xml reference artifacts (phantom measures, hardcoded L:1/8, courtesy naturals) per the phase-11 research.','2026-06-08 02:13:28');
INSERT INTO "phase" VALUES('phase-11h','work/phase-11h-harmony-chord-quality','merged',43,NULL,'c786c5b','harmony category: chord-quality misclassified by substring heuristic (dim swallowed by minor branch; aug/sus/6/dim7 unhandled)','Croma export bug fixed (spec-correct)','parse_chord_symbol mapped chord text to MusicXML <kind> with a naive substring chain so Xdim became minor and Xdim7/X7dim became dominant. Reordered/extended to classify diminished, diminished-seventh, augmented, suspended (2/4), major/minor sixth, and changed the fallback from other to major to match abc2xml. Full 10k: matches 6,410 -> 6,443 (+33); mismatch rows 203,761 -> 203,622 (-139); harmony -139, all other categories unchanged, 0 regressions. Still heuristic; next phase replaces it with a complete enumerated chord/decoration base.','Build a comprehensive table-driven base of ALL ABC decorations and ALL chord qualities -> exact MusicXML notations/kind, replacing the substring heuristics in parse_chord_symbol and decoration mapping for precision (per maintainer guidance).','2026-06-08 02:27:25');
INSERT INTO "phase" VALUES('phase-11i','work/phase-11i-chord-symbol-base','merged',44,NULL,'3de598f','harmony category: replace substring chord-quality heuristic with a structural, table-driven parser matching abc2xml grammar (root/accidental, kind table, trailing add-degrees, bass)','Croma export bug fixed (spec-correct)','Rewrote parse_chord_symbol as a structural parser following the ABC 2.1 4.18 grammar as implemented by abc2xml: root [A-G][#b=]?, greedy longest-match quality from a closed kind table (incl half-diminished, 9th/11th/13th, augmented-seventh), optional suspended token (kept only as kind when standalone), zero-or-more trailing chord degrees [#b=]?(2|4|5|6|7|9|11|13) emitted as degree-type=add (mirrors abc2xml which never emits subtract/alter), optional /bass, trailing (...) suppressed; leftover text => not harmony (=> words). Fixed dash being mis-read as a root flat (it is the minor quality). harmony 6131->5496 (-635), structural_matches 6443->6581 (+138), mismatch_rows 203622->202005 (-1617), export_failures 65 unchanged, 0 files regressed match->mismatch, all other categories flat or improved.','Remaining harmony residual is largely abc2xml reference artifacts; triage duration (21,358 / single-category files), measure_alignment (15,044), pitch (13,921) next.','2026-06-08 02:43:15');
INSERT INTO "phase" VALUES('phase-12','work/phase-12-core-module-breakdown','merged',46,NULL,'c04917e','Break oversized croma-core files into a stage/feature module tree (every impl file <=1000 lines, tests in sibling files)','Refactor (no behavior change)','Pure code-movement: music.rs (7906) split into syntax/, parse/, lower/; musicxml.rs (4241) into musicxml/*; fields.rs into parse/field/*; surface.rs into syntax/tune*. Tests moved to sibling *_tests.rs. Public API frozen (crate-root pub use names preserved; cli/fmt/lsp compile unchanged). Largest impl file now 972 lines (was 7906). Verified: cargo test/clippy/fmt + pytest green, and full 10k MusicXML output BYTE-IDENTICAL to pre-refactor (diff -r, 202005 rows unchanged). History preserved via git mv. Spec/plan under docs/superpowers/.','Resume parser/exporter quality work on the new module tree: %%MIDI directives over-rendered as words, remaining duration/pitch/measure residuals (mostly abc2xml reference artifacts).','2026-06-08 07:35:11');
INSERT INTO "phase" VALUES('phase-13','work/phase-13-midi-directive-words','merged',47,NULL,'843d10f','direction/extra_in_croma: preserved %% stylesheet directives (overwhelmingly %%MIDI) rendered as visible <words> directions','Croma export bug fixed (spec-correct)','Croma rendered preserved %% stylesheet directives (1138 %%MIDI occurrences across 551 files, plus a few junk/formatting ones) as visible <words> directions. abc2xml emits nothing for them: ABC 2.1 stylesheet/MIDI directives control playback/formatting, not printed text. Removed the preserved-directive words emission from the MusicXML writer (write_initial_directions; deleted write_preserved_directive in musicxml/direction.rs); model preserved_directives kept for round-trip/formatter use. TDD regression test added (midi_directives_are_not_emitted_as_words); 2 existing tests that pinned the old words behavior updated. Full 10k: structural matches 6581->6904 (+323), mismatch rows 202005->200345 (-1660), direction 1470->784 (-686), extra_in_croma 52027->50993 (-1034). Per-file: 0 match->mismatch regressions, 323 mismatch->match, 535 files fewer rows, only 2 already-mismatched files +6 rows total (positional alignment cascade; measure_alignment root unchanged). Export failures 65 unchanged.','Accidental category (6,249 rows / 532 single-cat files) was confirmed this session to be an abc2xml reference artifact: abc2xml re-prints accidentals that carry through the measure (ABC 2.1 sec 6) while Croma correctly prints them once - justify, do not fix. Next genuine Croma item: unclosed [ chord swallowing past a barline in parse_chord (~29 rows). Remaining duration (21,358), pitch (13,921), measure_alignment (15,044) residuals are largely reference artifacts (phantom measures, hardcoded L:1/8); re-derive targets from a fresh comparison.','2026-06-08 08:04:27');
INSERT INTO "phase" VALUES('phase-14','work/phase-14-voice-middle-octave','merged',48,NULL,'5e6657c','octave category: ABC voice/clef modifier middle=<pitch> ignored, so voices (esp. clef=bass middle=d) emitted two octaves too high','Croma export bug fixed (spec-correct)','Croma dropped the ABC middle=<pitch> clef/voice modifier entirely (token fell through to VoiceProperties.other), so a clef=bass middle=d voice emitted notes two octaves too high (bass e -> E5 instead of E3). Implemented middle= per abc2xml gtrans formula: octnum=(4 if uppercase else 5)+(apostrophes or -commas), gtrans=(3 if note in {A,F,D} else 4)-octnum; added to voice_octave_shift alongside existing clef +-8/+-15 and octave= handling. Plumbed middle through parse/field/voice.rs, surface VoiceProperties, VoicePropertiesModel, lower voice_properties_model AND merge_voice_properties (body V: switch). TDD: unit tests (d=-2,D=-1,B=0,c=-1,malformed=0) plus e2e (clef=bass middle=d emits octave 3). Full 10k: structural matches 6904->6936 (+32), mismatch rows 200345->196757 (-3588), octave 9972->6397 (-3575), slur 307 (-13), every other category unchanged. Per-file: 0 match->mismatch regressions, 32 mismatch->match, 0 files worse by any row, 57 files fewer rows. Export failures 65 unchanged.','K-line clef-octave propagation (octave residual ~298 rows / 4 files incl tune_002746 185 rows): clef/octave=/treble+-8 on a K: line not extracted into voice properties (lower/voice.rs set_key only updates accidental policy), so voice_octave_shift never sees them. Same machinery just built; plumb clef/octave from the K: KeySignature into VoicePropertiesModel. Then barline genuine bugs: volta number-list split (|1,3 -> two <ending> instead of one number 1,3; 44 rows/14 files; writer fix musicxml/score.rs unique_endings + barline.rs) and double-bar dropped (spaced/line-split | | coalesced to Double; 81 rows/38 files; lower/timeline.rs). Accidental (6249) confirmed reference artifact.','2026-06-08 08:20:40');
INSERT INTO "phase" VALUES('phase-15','work/phase-15-kline-clef-octave','merged',49,NULL,'6710b86','octave category: clef/octave directives on a K: line dropped (parser captured only tonic/mode/accidentals), so per-voice octave shift never applied','Croma export bug fixed (spec-correct)','ABC 2.1 sec 4.6 allows clef/octave modifiers on K: lines, not only V:. Croma key parser dropped clef=/octave=/treble+-8/bass/middle= tokens on K: lines. Now parse_key feeds the post-tonic remainder through parse_voice_properties and the lowering merges the clef/octave/middle/transpose into the CURRENT voice only (abc2xml per-voice scoping): header K: seeded in MultiVoiceLowering::new, body K: in apply_key_change, inline [K:] in apply_inline_key_clef_properties. Also extended parse_voice_properties to recognize BARE clef shorthands (treble+8, bass, alto...) since the corpus uses K:C treble+8 (not clef=); this fixes the same latent drop on V: lines too. voice_octave_shift (built in phase-14) then applies the shift unchanged. TDD: parse tests (Dm octave=1, bare treble+8) + e2e (single-voice K: octave=1 shifts +1; multi-voice V:1 treble+8 / V:2 treble-8 scoped, no leak). Full 10k: structural matches 6936->6939 (+3), mismatch rows 196757->196215 (-542), octave 6397->5855 (-542), every other category unchanged. Per-file: 0 match->mismatch regressions, 3 improved, 0 files worse, 6 files fewer rows. Export failures 65.','Barline genuine bugs (next): (1) volta number-list split - ABC |1,3 / :|2,4 emitted as two separate <ending> elements instead of one <ending number="1,3"> (MusicXML ending-number is a comma list); 44 rows/14 files; writer fix in musicxml/score.rs unique_endings + musicxml/barline.rs write_ending_barline. (2) double-bar dropped - two | separated only by whitespace/line-break (| | or line-split) should coalesce to a Double light-light bar; 81 rows/38 files; lower/timeline.rs. Then re-derive from a fresh comparison. Accidental (6249) and the missing/extra/duration bulk remain abc2xml reference artifacts.','2026-06-08 08:28:42');
INSERT INTO "phase" VALUES('phase-16','work/phase-16-volta-number-list','merged',50,NULL,'56828ea','barline category: multi-pass volta |1,3 / :|2,4 emitted as two separate <ending> elements instead of one <ending number=1,3>','Croma export bug fixed (spec-correct)','MusicXML <ending> number attribute is type ending-number (a comma-separated list of passes), so an ABC multi-pass volta like |1,3 must be ONE element <ending number="1,3">. unique_endings in musicxml/score.rs did a double flat_map that flattened each RepeatEndingModel bracket parts [Single(1),Single(3)] into separate strings, so write_ending_barline emitted two <ending> elements. Added ending_number_string helper that comma-joins a bracket parts (no space, matching abc2xml) and dropped the inner flat_map. TDD e2e: |: GABc |1,3 GA :|2,4 Bc :| now emits one number=1,3 and one number=2,4. Full 10k: structural matches 6939->6953 (+14), mismatch rows 196215->196161 (-54), barline 3341->3287 (-54), every other category unchanged. Per-file: 0 match->mismatch regressions, 14 improved, 0 files worse, 18 files fewer rows. Export failures 65.','Barline double-bar dropped (next, 81 rows/38 files): two | separated only by whitespace or a line break (| | spaced, or line-split | ... |) should coalesce to a single Double (light-light) barline per ABC 2.1 sec 4.8/6 liberal bar recognition, but Croma keeps them as two Regular barlines which emit nothing. Fix in lower/timeline.rs (coalesce two adjacent zero-duration Regular barline events across whitespace/line-break into Double; see VoiceTimelineBuilder push Barline arm). Then re-derive from a fresh comparison; accidental/missing/extra/duration bulk remain abc2xml reference artifacts.','2026-06-08 09:00:41');
INSERT INTO "phase" VALUES('phase-17','work/phase-17-chord-ties','merged',51,NULL,'9729b4c','tie category: ABC chord ties dropped - chord-internal [DA-] discarded by parser, whole-chord [A,E]- tied only one member','Croma export bug fixed (spec-correct)','ABC 2.1 sec 4.11: ties may be used into, out of and between chords (each matching member ties independently). Croma dropped ALL chord ties: (A) parse_chord had no - arm so [DA-] became unknown_chord_token and was discarded (46 rows/10 files); (B) whole-chord [A,E]- tied a single event_index (last member) by one (step,octave) signature, dropping when unmatched and never tying multiple members (11 rows/4 files). Fix: parse a trailing - on a chord member into a tie marker on that member; generalize the tie model from Option<PendingTie> to Vec<PendingTie> with a captured (step,octave) signature, resolving each pending tie per-member against the next group, consuming each next note at most once, dropping only unmatched members. apply_tie now registers every member of the last group (whole-chord tie). phase-11d accidental preservation generalized to all pending ties. Single-note tie path unchanged (1-element case). Writers unchanged (already per-note). Cross-checked dev/abc (which itself ties only the last member - imperfect; ABC 2.1 is the oracle). TDD: parser [DA-], whole-chord [CE]-[CE] (4 tied), internal [DA-]2[FA] (A only), standalone C2-C2 guard. Full 10k: structural matches 6953->6967 (+14), mismatch rows 196161->195951 (-210), tie 610->399 (-211), accidental +1 (single-row cascade). Per-file: 0 match->mismatch regressions, 14 improved, 38 fewer rows; 2 heavily-broken files (+11/+4 tie) now emit the reference tie COUNT exactly (14=14) - positional cascade, not wrong ties. tune_013006 8=8, tune_000334 18=18. Export failures 65.','Slur grace-in-slur (next, genuine bug, 42 rows/20 files): ABC ({grace}note) opens a slur before a grace group; per ABC 2.1 sec 4.11/4.20 the slur must start on the FIRST grace note, but Croma puts start+stop on the main note (degenerate count=1) because grace notes are folded into a GraceGroupAttachment (not timed events) so attach_pending_slur_starts cannot target them. Fix: give grace notes a slur-attachment slot (model + lower/voice.rs attach_pending_slur_starts) and emit <notations><slur> on grace <note> in musicxml; mirror dev/abc parser.rs consume_grace lines 700-733. CONFIRMED ARTIFACTS (do not fix): double-bar | | spaced/line-split rendered light-light by abc2xml is NOT spec-mandated (ABC 2.1 sec 4.8 liberal recognition is for CONTIGUOUS sequences; sec 4.9 shows spaces are significant) - abandoned a coalescing attempt that regressed barline +555/-112 matches; accidental carried-through re-emission (6249); missing/extra/duration bulk.','2026-06-08 09:16:24');
INSERT INTO "phase" VALUES('phase-18','work/phase-18-grace-slur','merged',52,NULL,'fd54652','slur category: a slur opening before a grace group ({grace}note) dropped the slur from the grace, landing a degenerate start+stop on the main note','Croma export bug fixed (spec-correct)','ABC 2.1 sec 4.11 (slurs connect the first and last note of a series) + sec 4.20 (construct order: grace notes precede the main note): in ({d2}c4) the slur must START on the first grace note. Croma folds grace notes into a GraceGroupAttachment (not timed events), so attach_pending_slur_starts skipped them and put both start and stop on the main note (degenerate one-note slur). Fix: added slurs: Vec<SlurAttachment> to the lowered GraceGroupAttachment; attach_pending_slur_starts now compares the slur-open span to the note leading grace groups and, when the slur ( precedes the grace { (earliest such group), attaches the slur START to that grace group (leading_grace_group_after/attach_slur_to_grace) instead of the timed note; slur STOP unchanged. Writer write_grace_group emits <notations><slur> on the FIRST grace note via the normal write_notations path. Cross-checked dev/abc consume_grace. TDD: ({g}c4) slur on grace; guard {g}c(de) slur on main; guard (DEF) plain slur. Full 10k: structural matches 6967->6991 (+24), mismatch rows 195951->195798 (-153), slur 307->154 (-153), every other category unchanged. Per-file: 0 match->mismatch regressions, 24 improved, 0 files worse, 59 fewer rows. Export failures 65.','Tangential bug found this phase (genuine, not yet fixed): the {grace}(note) form (grace group immediately FOLLOWED by a slur-open, e.g. {g}(c4) or {d2}(c4)) drops the grace note entirely before lowering - a parser/attachment issue distinct from the slur-on-grace case just fixed; worth a focused phase. Then slur bucket B (slur spanning barline/spacer, stop lands one note early, ~15 rows/10 files). Re-derive remaining targets from a fresh comparison; accidental(6250)/missing/extra/duration/measure_alignment bulk and double-bar | | remain abc2xml reference artifacts.','2026-06-08 09:35:43');
INSERT INTO "phase" VALUES('phase-19','work/phase-19-broken-rhythm-barline','merged',53,NULL,'794815e','duration: broken-rhythm sign after a barline bound backward across the bar to the previous measure note','Croma export bug fixed (spec-correct)','ABC 2.1 sec 4.4: > dots the previous note and halves the next; after a barline a leading >/< has no previous note so it is void. Croma already voided the mirror cases (dangling-right A>| and very-first-token), but a >/< after a bar still bound to time_groups.last() from the previous measure (c2|>d dotted c2 across the bar). Added broken_left_available flag on LoweringState: true when a timed note group is pushed in the current measure, reset false at each barline (in finish_pending_broken_at_boundary); apply_broken_rhythm voids (missing_left diagnostic) when not available. Found by mining ro-ag/ABC solved-problems list (its bug 9), then independently verified against the ABC 2.1 spec and corpus (NOT taken on faith). Of ro-ag/ABC 14 documented bugs, current croma already handled 12; only this one and a spec-AMBIGUOUS grace-accidental-propagation (bug 4, deliberately NOT fixed - no clear spec mandate) reproduced. TDD: c2|>d e -> 8,4,4; B|>d -> 4,4,4; guards a>b, A>|B, c2>d (no bar), c>{g}d grace-transparency. Full 10k: structural matches 6991->6991 (+0), mismatch rows 195798->195779 (-19), duration -4, measure_alignment -15; 0 match->mismatch regressions, 0 files worse, 1 file fewer rows. Low corpus prevalence (5 files) but a clean spec-correctness fix. Export failures 65.','croma is at a high spec-compliance plateau: ro-ag/ABC full-corpus audit reports 99.62% pitch+duration exact and current croma handles 12/14 of its documented bugs plus this one. Remaining 195,779 mismatch rows are dominated by abc2xml REFERENCE ARTIFACTS already classified (accidental carried-through re-emission 6250; missing/extra/measure_alignment positional cascades from abc2xml representation choices incl multi-measure-rest Z/X expansion, duration ROUNDING to its divisions grid, BROKEN_UNDEFINED sec 4.4, MALFORMED input). Next: re-derive any remaining genuine single-category signals from a fresh phase-19 comparison (slur bucket B - slur spanning barline stop one note early ~15 rows; the {grace}(note) drops-grace bug flagged in phase-18); otherwise the residual is justify-not-fix. Treat abc2xml AND ro-ag/ABC as orientation; ABC 2.1 spec is the oracle.','2026-06-08 09:48:33');
INSERT INTO "phase" VALUES('phase-20','work/phase-20-grace-before-slur','merged',54,NULL,'cccd79a','missing_in_croma + cascades: a grace group followed by a slur-open (or any flush trigger) before its note was silently dropped','Croma export bug fixed (spec-correct)','ABC 2.1 sec 4.20: a grace group attaches to the note it precedes; an intervening slur-open/decoration does not detach it. parse_slur (and other constructs) call flush_pending_attachments which drains buffered grace groups into standalone MusicItem::GraceGroup items, and the lowering match arm for standalone GraceGroup was a NO-OP => {} so {g}(c4), {g}!fermata!c, etc. dropped the grace entirely. Fix (lowering buffer, approach 1 - covers ALL flush triggers uniformly): added pending_grace_groups: Vec on LoweringState; the standalone GraceGroup arm now buffers instead of dropping; take_timed_attachments prepends the buffer onto the next note/rest/chord, cleared at a barline (orphaned grace voided per spec) and per-voice (isolation). phase-18 slur-before-grace (({g}c4)) intact: slur-after-grace ({g}(c4)) starts on the MAIN note. Found via phase-18 tangential note then verified against spec + corpus (62 files have }( ). TDD: {g}(c4) grace+slur-on-main; guards ({g}c4), {g}c4, orphaned {g}|. Full 10k: structural matches 6991->7028 (+37), mismatch rows 195779->191534 (-4245); EVERY category improved (missing_in_croma -1973, duration -640, pitch -609, accidental -324, tuplet -235, measure_alignment -150, voice -150, octave -147) because each dropped grace caused positional cascades across all downstream notes. 0 match->mismatch regressions, 0 files worse, 65 fewer rows. Export failures 65.','croma at a very high spec plateau (191,534 rows, structural matches 7028). Remaining residual dominated by abc2xml reference artifacts (accidental carried-through 5926; missing/extra/duration/measure_alignment positional cascades from abc2xml representation choices: multi-measure-rest Z/X expansion, duration ROUNDING to its divisions grid, phantom empty measures, BROKEN_UNDEFINED sec 4.4, MALFORMED). Re-derive any final single-category signals from fresh phase-20 comparison (slur bucket B slur-spanning-barline stop one note early ~15 rows is the last small known genuine lead). ABC 2.1 spec is the oracle; abc2xml AND ro-ag/ABC are orientation only.','2026-06-08 15:16:48');
INSERT INTO "phase" VALUES('phase-21','work/phase-21-unclosed-chord-barline','merged',55,NULL,'c406cb7','missing/extra cascades: an unclosed [ chord scanned past bar lines, swallowing and deleting whole measures','Croma export bug fixed (spec-correct)','A chord cannot span a bar line (ABC 2.1 sec 4.18: chords are note groups within a measure). parse_chord member loop had no | case, so an unclosed [ (no ] before the bar) consumed following | barlines as malformed tokens and discarded the multi-measure run as one unclosed_chord, deleting real music. E.g. [ |: ... (space after [ routes to parse_chord) swallowed a 4-measure line; ["bis" ... swallowed bars. Fix: added a | => break arm in the parse_chord member scan that stops at a bar line WITHOUT consuming it (self.index left at the |, caller re-reads it as a barline); the unclosed-chord recovery then covers only the partial [... run. Valid chords always close with ] before any | so zero risk to them (guards: [CEG], [!f!E2A2], .[CE]2, [CEG]|D unchanged). Found via the croma-fewer-measures research (separated from the abc2xml phantom-empty-measure-per-annotation-line artifact, which is justify-not-fix). TDD: [ |: CDEF | GABc | and ["x" CDEF | GABc | preserve following measures; chord guards. tune_009252 12->16 measures (ref 17), tune_002703 7->11 (exact). Full 10k: structural matches 7028->7029 (+1), mismatch rows 191534->187908 (-3626); missing_in_croma -2007, extra_in_croma -865, duration -404, pitch -195, slur -24, plus small internal reshuffles (accidental +40, harmony +8, lyric +3) within net-improved files. Per-file: 0 match->mismatch regressions, 0 files worse overall, 13 files fewer rows. Export failures 65.','croma at a high spec plateau (187,908 rows, matches 7029). The croma-fewer-measures research classified the dominant remaining missing/extra driver as the abc2xml phantom-empty-measure-per-standalone-annotation-line artifact (e.g. tune_003837 8 empty measures for 8 part-label lines "A"\ etc.) - JUSTIFY, DO NOT FIX (croma folded output is more correct MusicXML). Remaining residual: accidental carried-through (5966), abc2xml duration ROUNDING, multi-measure-rest Z/X expansion, multipart layout, MALFORMED input - all abc2xml reference artifacts. Last small known genuine lead: slur bucket B (slur spanning barline, stop one note early ~15 rows). Otherwise croma has reached the spec-compliance plateau. ABC 2.1 is the oracle; abc2xml and ro-ag/ABC are orientation only.','2026-06-08 15:41:21');
INSERT INTO "phase" VALUES('phase-22','work/phase-22-phantom-empty-measure','in_progress',NULL,NULL,NULL,'missing/extra/measure cascades: croma emitted a phantom empty <measure> for a measure holding only barline tokens (trailing/adjacent/split | | , |]| , ]| , leading | | | |)','Croma export bug fixed (spec-correct)','Found via a per-file divergence prover (tools/prove_divergences.py): of 2906 differing files, 72 were REVIEW (unexplained); a subagent classified them and found 29 single-voice files with ONE genuine croma bug - a measure containing only barline tokens (no note/rest) was kept as a phantom empty <measure>, because is_empty_measure_start() and finish() trailing-pop in lower/timeline.rs gated on events.is_empty() and a barline-only measure is not events-empty. Per ABC 2.1 sec 4.8 a run of adjacent/split bar lines (| |, |]|, ]|) is a single boundary, not a measure of music. Fix: added is_barline_only_measure(); finish() pops a trailing barline-only measure and is_empty_measure_start() coalesces interior barline-only measures (measure_index>0), BUT gated to SINGLE-VOICE tunes (may_coalesce_barline_only = single_voice && no overlays) because in multi-voice a barline-only voice line is a legitimate TACET bar that must be kept for alignment (regression caught in 10k: tune_006766 159->157 +861 rows; fixed by the guard). single_voice flag threaded from lower/mod.rs. TDD: trailing | | / |]| ->1 measure, mid-tune |]+|: , guards (||, separate lines, leading rest, leading pickup), plus a multi-voice tacet-bar-kept test. Full 10k: structural matches 7029->7031 (+2), mismatch rows 187908->185089 (-2819); EVERY category down (extra -1215, missing -645, pitch -262, duration -265, measure_alignment -110, tuplet -65, accidental -79, octave -92, voice -58). Per-file: 0 multi-voice regressions; 4 single-voice files (008158/008268/008270/015731, all |>| void-broken-rhythm trailing) go match->mismatch by 16 rows each because croma is now MORE spec-correct (notes identical, the void > makes |>| == | |, no trailing measure) while abc2xml inconsistently keeps the empty measure - a justified spec-first divergence, not a defect. 6 files improved to match, 27 fewer rows. Export failures 65.','Per-file prover (tools/prove_divergences.py) now leaves only artifact-class verdicts + a handful of single-voice |>|/bracket files where croma is more correct than abc2xml. Remaining known minor items: the [-after-barline swallow (||[, :|[ -> parse/barline.rs stops scan at [, mis-reads [text as unclosed chord; tune_004361/005568, small) and abc2xml |>| empty-measure inconsistency (croma correct). Re-run the prover after this merge and regenerate docs/comparison per-file-manifest. Otherwise croma is at the spec-compliance plateau; ABC 2.1 is the oracle, abc2xml and ro-ag/ABC are orientation only.','2026-06-08 16:54:12');
INSERT INTO "phase" VALUES('phase-23','work/phase-23-barline-run-phantom','complete',NULL,NULL,NULL,'RESIDUAL_PHANTOM_CROMA: thick ] followed by an adjacent or backslash-continued barline run such as ]||: opened an interior phantom empty measure','Croma parser/export bug fixed (spec-correct)','Fixed the remaining known Croma phantom-measure residual. ABC 2.1 sec 4.8 treats adjacent bar-line tokens as one boundary. parse_barline now scans through ] only for the narrow ]|| run shape, preserving final spellings such as |]| and :|]. parse_music_document also merges only backslash-continued barline runs where the previous raw barline contains ], covering tune_014316 without broad interior barline-only folding. TDD added for CDEF]||: GA |, second-ending [2 C3]||:, continued [2 C3]\ then ||:, ||: guard, |]| final spelling, and existing multi-voice tacet alignment guard. tune_014316 and tune_014317 now export 22 measures and 53 notes each. Exact origin/main baseline was 7031 structural matches and 185089 mismatch rows. Phase-23 full 10k is 7031 structural matches and 184806 mismatch rows, with zero match-to-mismatch regressions, zero worse files, and no mismatch category increases. The divergence prover reports RESIDUAL_PHANTOM_CROMA=0 and REVIEW=0.','No known genuine Croma issues remain in the abc2xml divergence manifest. Continue with spec-first parser work only from fresh evidence; abc2xml remains a comparison baseline, not the correctness oracle.','2026-06-08 18:40:59');
INSERT INTO "phase" VALUES('phase-24-fmt','work/fmt-subcommand','merged',62,'https://github.com/ro-ag/croma/pull/62',NULL,'Build the croma fmt subcommand: canonical idempotent+lossless ABC formatter (croma-fmt rebuilt from stub) plus pitch-preserving --auto-fix curations, gated by runtime pitch-sequence verification','New feature (formatter gate lifted by abc2xml-divergence proof)','croma-fmt: span-anchored token-preserving engine; format/is_formatted/auto_fix with FixResult. Curations: detached length, chord-symbol-in-brackets unwrap, doubled tempo (each runtime-verified pitch-preserving). CLI migrated to clap (derive) + colored output; fmt has stdout/--check/-w/--auto-fix. 10k corpus round-trip: 0 notes changed, 0 idempotency failures, 2682 reformatted.','Iterate the --auto-fix catalogue: redundant bar-line collapse (phase 22/23 work) and %%MIDI/stylesheet directive placement; then per-field re-spacing/order with individual safety proofs','2026-06-08 21:21:17');
INSERT INTO "phase" VALUES('phase-25-fmt-barline','work/fmt-barline-collapse','merged',63,'https://github.com/ro-ag/croma/pull/63',NULL,'auto-fix catalogue class 2: redundant bar-line collapse (spaced | | and ]||: runs) to canonical single boundary, preserving repeat/volta/final semantics','New auto-fix curation (formatter increment)','Added FixKind::RedundantBarline gated by a NEW structure-preserving gate (full MusicXML equality) distinct from the pitch-sequence gate used by rhythm/tempo repairs. Canonical-collapse heuristic proposes |, |:, :|, :|: and the gate proves each rendering-neutral (real || / |] left untouched). Corpus harness now also asserts canonical fmt yields byte-identical MusicXML. 10k: notes_changed 0, not_idempotent 0, canonical_xml_changed 0, auto_fixed 3290.','Auto-fix class 4: normalise %%MIDI/stylesheet directive placement (structure-gated); then per-field re-spacing/order with individual proofs','2026-06-09 00:20:15');
INSERT INTO "phase" VALUES('phase-26-fmt-field-spacing','work/fmt-field-spacing','merged',64,'https://github.com/ro-ag/croma/pull/64',NULL,'auto-fix: field-value re-spacing — trim whitespace after a field colon (K: C -> K:C), spec-grounded no-space convention','New auto-fix curation (formatter increment)','Added FixKind::FieldSpacing, structure-gated (MusicXML equality) so alignment-sensitive w:/s: values are reverted; overlap resolution prevents Q: field-spacing colliding with doubled-tempo. 10k: notes_changed 0, not_idempotent 0, canonical_xml_changed 0, auto_fixed 7001.','Catalogue items exhausted except %%MIDI/stylesheet directive placement (deferred: croma does not render %%MIDI to MusicXML so the structure gate cannot protect it)','2026-06-09 01:19:04');
INSERT INTO "phase" VALUES('phase-27-abc-writer','work/abc-writer','merged',65,'https://github.com/ro-ag/croma/pull/65','44cf113e682eca5629eb481b1d375de1984c71a5','docs/superpowers/plans/2026-06-09-abc-writer.md (Score->ABC writer slice 1)','New feature (XML->ABC epic: Score->ABC canonical writer, slice 1)','Added croma_core::write_abc emitting canonical ABC (headers, single voice notes/rests/durations/accidentals/octaves, barlines+repeats+endings, ties); exposed via croma dump abc. Output is a croma fmt fixed point and round-trips with identical structural projection. Corpus: 3149/10000 in-scope (31.49%), 0 structural diffs.','Slice 2: grow in-scope coverage (chords -> tuplets -> voices -> lyrics ...) until full corpus round-trips; then MusicXML->Score reader (roxmltree, feature-gated).','2026-06-09 05:52:04');
INSERT INTO "phase" VALUES('phase-28-abc-writer-coverage','work/abc-writer-coverage','merged',66,'https://github.com/ro-ag/croma/pull/66','07451193a8bc52a2e2c2895a291447f4249bad98','Score->ABC writer coverage expansion','New feature (XML->ABC epic: writer construct coverage)','Added slurs, decorations, chord symbols, annotations, chords, tuplets, grace, and an accidental safety-net to write_abc; grew structural projection accordingly. Corpus in-scope coverage 31.5%->57.0%, 0 structural diffs.','Phase C lyrics (w: aligned line) then Phase D multi-voice (V:); then remainder (overlays, leading-barline, mid-tune key/meter need parser support).','2026-06-09 18:40:42');
INSERT INTO "phase" VALUES('phase-29-abc-writer-coverage-2','work/abc-writer-coverage-2','merged',67,'https://github.com/ro-ag/croma/pull/67','126bfaaf6c5cc77b9b7285853674486756f2ab1d','Score->ABC writer: lyrics, symbols, multi-voice, overlays, exotic barlines','New feature (XML->ABC epic: writer construct coverage to ceiling)','write_abc now covers w:/W: lyrics, s: aligned symbols, dotted/invisible/liberal barlines + split-token rejoin, spacers, multi-voice V: with properties and octave-shift compensation, overlays, %%score; harness regex anchoring + projection growth (lyrics, voice, backup, part ids). Corpus 57%->92.49%, 0 structural diffs. Parser-bug backlog catalogued in docs/parser-backlog.md.','Parser-fix phase per docs/parser-backlog.md: quoted-text-before-grace/slur drop, dropped-tie accidental carry (diverges from abc2xml), rest-led tuplet Start; THEN remove writer safety-net workarounds; then mid-tune K:/M: model events; then MusicXML->Score reader.','2026-06-09 22:50:01');
INSERT INTO "phase" VALUES('phase-30-parser-fixes','work/parser-bug-fixes','merged',68,'https://github.com/ro-ag/croma/pull/68','cc8afbd866265243d454c212f320b38fda26a3cb','Parser bugs from the write_abc round-trip proof (docs/parser-backlog.md): quoted-text drops, dropped-tie accidental leak, rest-led tuplets, octave-shift panics','Bug fix (parser/lowering correctness; writer workaround removal)','Pending quoted text/decorations now survive grace groups, slur-opens and tuplet markers; dropped ties undo their barline-preserved accidental carry (from_pending_tie provenance) and mid-tune M:/K: no longer clear carries (spec 11.3, abc2xml parity); tuplet roles land on rests (Start/Continue/Stop); octave shifts clamp instead of panicking; inline [I:] warns instead of silent drop. Writer accidental safety-net and tuplet has_start skip removed; harness rest-led-tuplet and [I:tuplets gates removed, lower_fail labeled+bucketed (65 = header-only corpus fragments). Round-trip 92.49->92.63 pct, 0 diffs; reference comparison matches 7031->7274, mismatch rows 184806->179562, no category increases.','Mid-tune K:/M: change events in the Score model (~5.5 pct unlock; own brainstorm+spec phase), then the MusicXML->Score reader epic. Smaller: quoted text before barline (abc2xml keeps it - verdict 2026-06-09), nested tuplets in the writer, overlay voice-number collision, syllabic always single.','2026-06-10 16:31:27');
INSERT INTO "phase" VALUES('phase-31-compare-cache','codex/phase-31-compare-perf','merged',69,'https://github.com/ro-ag/croma/pull/69','dfd2682366dba5da6af5646e1b549810d4cece1c','Corpus comparison runtime (user-directed): every 10k music21/polars compare re-parsed all ~20k MusicXML files with music21 (~53 pct of ~30-40 s/run) and re-joined every pair, even though the reference side never changes and most croma exports are unchanged between runs.','Tooling performance (comparison cache; no parser/writer behavior change)','Added tools/compare_cache.py: content-addressed SQLite cache (WAL) with two layers - facts (per MusicXML file, key = sha256(bytes) + extractor version) and results (per croma/reference pair, key = both hashes + tool version + relative path + options). Wired into music21_polars_corpus_compare.py with --cache-db/--no-cache/$CROMA_COMPARE_CACHE_DB (default docs/untracked/cache/compare-cache.sqlite), relative_path indexes for by-name lookup/invalidation, 14-day stale prune, cache stats in the report. Cached and uncached outputs verified byte-identical on the full 10k corpus. Report-only rerun 29.0 s -> 0.63 s; rerun after a 448-file parser change 29.0 s -> 2.5 s; component selector with mismatch tables ~30 s -> 3.1 s; cold run unchanged (~30 s, 42 MB cache). --jobs default changed 1 -> 0 (auto). Follow-up (same branch): comparison made columnar - comparison_key now vectorized via struct.json_encode (byte-identical to per-row json.dumps, ~10x faster single-threaded), fact values encoded once per row with a fast scalar path, full join keyed on comparison_key alone with per-file constants as literals; POLARS_MAX_THREADS=1 per worker kept deliberately (process-level parallelism beats polars threads for thousands of small frames). Per-task cost 37.9 -> 29.8 ms/file (-21 pct); uncached 10k A/B on the same contended machine 74.0 -> 61.0 s. Structured JSONL logging is now the default (--log-format text for legacy): start/progress events on stderr, one summary event on stdout mirroring report keys, for agent consumption. Encoder follow-up: fact-value and cache-payload encoding moved to orjson (new python tooling dep). Scalars byte-identical to stdlib; containers compact - both sides share the encoder so verdicts unchanged (full 10k counts identical: 7274/2661/179562). Value encode 1.85 -> 0.30 ms/file-pair (vs 1.20 with the hand-rolled fast path, now deleted); row building 8.6 -> 2.7 ms; facts-cache blobs interoperate across codecs (plain JSON both ways). Re-warm after version rotation 8.0 s, fully warm 0.65 s. Schema v3 (typed values): fact/comparison tables store values in native typed columns (value_kind + value_str/value_int/value_float/value_json; bool in value_int) instead of one JSON-encoded string; raw_value now explicit-only; rows built as positional tuples (orient=row). Match semantics proven equivalent to v2: full 10k counts and all 15 category totals identical (7274/2661/179562), per-file summaries byte-identical, report identical except schema/column metadata. Row building 2.7 -> 1.8 ms/file-pair, offset by wider-frame serialization (net wall-clock neutral: no-cache 23.1 s, rewarm 7.5 s, warm 0.68 s, selector 3.1 s); the win is queryability - typed parquet columns filter natively without JSON-quoted strings. REPORT_SCHEMA bumped to croma-music21-polars-corpus-compare-v3; v2 baseline mismatch files still aggregate for deltas (filename-based).','Mid-tune K:/M: change events in the Score model (~5.5 pct unlock; own brainstorm+spec phase), then the MusicXML->Score reader epic. Smaller: quoted text before barline (abc2xml keeps it - verdict 2026-06-09), nested tuplets in the writer, overlay voice-number collision, syllabic always single.','2026-06-10 20:15:30');
INSERT INTO "phase" VALUES('phase-32-midtune-key-meter','work/midtune-key-meter','merged',70,'https://github.com/ro-ag/croma/pull/70','0d1bebbd8a71f08fa0709307ec21264372363023','Mid-tune K:/M: change events end-to-end','New feature (Score model + lowering + MusicXML export + ABC writer)','TimedEventKind::KeyChange/MeterChange recorded by lowering (per-voice [M:] scoping matching abc2xml, clef-only K: guard, header-aware value dedupe, late-voice seeds, tie-pitch carry across mid-measure key changes); <attributes><key>/<time> exported at the event cursor incl. mid-measure; writer emits inline [K:]/[M:]; no synthetic M:4/4 header; change-event-only measures stay coalescible. Round-trip 92.63->99.25 pct 0 diffs (projection now asserts KEY/TIME); reference comparison +262 fully-matching files, -4861 mismatch rows, no category increases.','Writer-side: position-aware octave compensation for mid-tune clef +-8 changes (1 tune); nested tuplets; remaining items in docs/parser-backlog.md (quoted text before barline, overlay voice collision, syllabic). Then the MusicXML->Score reader epic (roxmltree, feature-gated).','2026-06-11 06:52:31');
INSERT INTO "phase" VALUES('voice-field-same-line-music','work/voice-field-same-line-music','complete',NULL,NULL,NULL,'Body V: same-line music swallowed when first token contains = (user-reported; corpus hit tune_014784 dropped 4 of voice 2''s 12 measures)','Bug fix (parser correctness; no silent V: text discard)','looks_like_same_line_music treated any first token containing = as a key=value voice parameter, so music starting with a natural accidental (=C2D2) or carrying one mid-token (E2=F2) was silently parsed as voice properties, yielding an empty measure with no diagnostic. Parameter detection now requires a non-empty alphabetic key before the =; a keyless = token left on a body V: line without recovered music emits warning abc.field.voice_property_ignored instead of vanishing. 3 regression tests added. Full 10k before/after compare: structural matches unchanged at 8118; only tune_014784 moved (+218 extra_in_croma rows because the abc2xml reference is degenerate there: 1 empty measure, 0 notes per part), croma now exports its full 12 measures per voice.','Writer residuals per phase-32 backlog; MusicXML->Score reader epic.','2026-06-11 15:15:51');
INSERT INTO "phase" VALUES('phase-33-compare-triage','codex/phase-33-compare-triage','merged',NULL,NULL,'8c76fc824463fda8ee6ddab74e07cc064728d873','Comparison-residue forensic triage + confirmed-bug fixes (per-cause adversarially verified ledger: docs/comparison/abc2xml-divergences/12-phase33-triage-ledger.md)',NULL,'Comparator now compares sounding alteration (+582 matches). Fix batches: boundary-attachment data loss (text/dynamics/graces survive barlines/EOL), multi-measure volta ending stops (905-file bug), ending-before-repeat XSD order, wedge + stopped decorations, liberal barline runs keep strongest meaning, lone-colon boundary, |]: merge, body L: voice scoping, mid-tune Q: tempo events (model+XML+writer), chord-root case sensitivity. Matches 7536->8825, rows 174701->168183, 0 per-file regressions at every batch; round-trip 99.25%/0 diffs unchanged.','Ledger OPEN bugs: multirest XML encoding (6 files), chord-member slur drops (~25), tuplet written-type, accidental trio, octave pair, lyric trio, nospace-key, complex-meter time, [-quoted volta. Then Mission B on codex/phase-34-midi: translate %%MIDI program/channel/transpose/drummap + control CC7/CC10 per oracle probe (docs/untracked/phase-33/midi/oracle-probe.md); write_abc re-emits ALL preserved directives verbatim; policy doc.','2026-06-12 07:31:41');
INSERT INTO "phase" VALUES('phase-35-ledger-burndown','codex/phase-35-ledger-burndown','merged',71,'https://github.com/ro-ag/croma/pull/71','4ff61de95d15fa4c79632a98eedb7ab0f31020f6','Pre-publish ledger burn-down: stale phase-33 recheck plus multirest MusicXML encoding publish blocker','Parser/export hardening (confirmed ledger bugs)','Closed phase-33 tracker bookkeeping; re-verified stale OPEN ledger entries fixed on main; fixed the multirest family by expanding ABC Zn/Xn into real full-measure rest measures in known meter and emitting MusicXML multiple-rest display metadata on visible Zn. Full 10k compare against phase-33 b8: matches 8858->8861, mismatch rows 167943->164267, zero match-to-mismatch regressions; round-trip remains 99.25 pct / 0 structural diffs.','Continue remaining OPEN ledger bugs: accidental trio, barline final on empty voice, decoration fallback, quoted volta text, lyric trio, complex meter time, nospace-key, octave pair, trailing grace/unclosed-chord recovery, slur grace/numbering, one-note tuplets.','2026-06-12 08:23:07');
INSERT INTO "phase" VALUES('phase-36-ledger-burndown','work/phase-36-ledger-burndown','complete',NULL,NULL,NULL,'tuplet-one-note-group-dangling-start','Parser/export hardening (confirmed ledger bug)','Fixed explicit one-note ABC tuplets such as (3:2:1G by attaching both TupletRole::Start and TupletRole::Stop to the same timed event. Targeted repros tune_010459/tune_010462 now export balanced one-note tuplet notation; residual target rows are abc2xml/music21 stop-only/null artifacts, not dangling Croma starts. Full 10k report-only compare: matches 8861, mismatch rows 164265, tuplet rows 607, zero MusicXML import failures.','Continue remaining OPEN ledger bugs with small confirmed repro=True targets first, especially extra-decoration-words-fallback, then barline-final-dropped-on-empty-voice-measure, quoted-volta text, complex-meter time, nospace-key, accidental trio, octave pair, lyric trio, trailing grace/unclosed-chord recovery, and slur grace/numbering.','2026-06-12 08:25:52');
INSERT INTO "phase" VALUES('phase-37-ledger-burndown','work/phase-37-ledger-burndown','in_progress',NULL,NULL,NULL,'extra-decoration-words-fallback','MusicXML export hardening (confirmed ledger bugs)','37a fixed supported decoration fallback export: fingerings, arpeggiate, and slide/scoop now emit note-attached MusicXML notations instead of fallback words. Full 10k compare vs phase-36: structural matches 8861->8865, mismatch rows 164265->164220, direction -4, extra_in_croma -41, no harness/import failures.','Continue remaining OPEN ledger bugs with small confirmed repro=True targets first: barline-final-dropped-on-empty-voice-measure, measure-alignment-complex-meter-time-dropped, missing-nospace-key-global-accidentals-misparse, pitch-trailing-grace-group-dropped, pitch-unclosed-chord-recovery-drops-notes, slur-grace-group-slurs-dropped, slur-number-collision-shared-part; then triage repro=None accidental, lyric, octave, tuplet targets.','2026-06-12 08:42:08');
CREATE TABLE validation (
  id INTEGER PRIMARY KEY AUTOINCREMENT,
  phase_id TEXT NOT NULL REFERENCES phase(phase_id) ON DELETE CASCADE,
  command TEXT NOT NULL,
  status TEXT NOT NULL,
  notes TEXT,
  UNIQUE (phase_id, command)
);
INSERT INTO "validation" VALUES(1,'phase-10e','uv run python -m py_compile tools/music21_polars_corpus_compare.py','passed',NULL);
INSERT INTO "validation" VALUES(2,'phase-10e','uv run python -m pytest tests -q','passed','5 passed in reported run.');
INSERT INTO "validation" VALUES(3,'phase-10e','git diff --check','passed',NULL);
INSERT INTO "validation" VALUES(4,'phase-10f','cargo test --workspace','passed','Pinned Rust toolchain.');
INSERT INTO "validation" VALUES(5,'phase-10f','cargo clippy --workspace --all-targets -- -D warnings','passed','Pinned Rust toolchain.');
INSERT INTO "validation" VALUES(6,'phase-10f','cargo doc -p croma-core --no-deps','passed','Pinned Rust toolchain.');
INSERT INTO "validation" VALUES(7,'phase-10f','cargo package -p croma-core --allow-dirty','passed','Pinned Rust toolchain.');
INSERT INTO "validation" VALUES(8,'phase-10f','git diff --check','passed',NULL);
INSERT INTO "validation" VALUES(9,'phase-10g','cargo test --workspace','passed','Rerun before PR #18.');
INSERT INTO "validation" VALUES(10,'phase-10g','cargo clippy --workspace --all-targets -- -D warnings','passed','Rerun before PR #18.');
INSERT INTO "validation" VALUES(11,'phase-10g','cargo doc -p croma-core --no-deps','passed','Rerun before PR #18.');
INSERT INTO "validation" VALUES(12,'phase-10g','cargo package -p croma-core --allow-dirty','passed','Rerun before PR #18.');
INSERT INTO "validation" VALUES(13,'phase-10g','git diff --check','passed','Rerun before PR #18.');
INSERT INTO "validation" VALUES(14,'phase-10h','uv run python -m py_compile tools/music21_polars_corpus_compare.py','passed',NULL);
INSERT INTO "validation" VALUES(15,'phase-10h','uv run python -m pytest tests -q','passed',NULL);
INSERT INTO "validation" VALUES(16,'phase-10h','cargo test --workspace','passed','Pinned Rust toolchain.');
INSERT INTO "validation" VALUES(17,'phase-10h','cargo clippy --workspace --all-targets -- -D warnings','passed','Pinned Rust toolchain.');
INSERT INTO "validation" VALUES(18,'phase-10h','cargo doc -p croma-core --no-deps','passed','Pinned Rust toolchain.');
INSERT INTO "validation" VALUES(19,'phase-10h','cargo package -p croma-core --allow-dirty','passed','Pinned Rust toolchain.');
INSERT INTO "validation" VALUES(20,'phase-10h','git diff --check','passed',NULL);
INSERT INTO "validation" VALUES(21,'phase-10i','uv run python -m py_compile tools/music21_polars_corpus_compare.py tools/music21_compare.py','passed','Reported by Phase 10-i agent.');
INSERT INTO "validation" VALUES(22,'phase-10i','uv run python -m pytest tests -q','passed','Reported by Phase 10-i agent.');
INSERT INTO "validation" VALUES(23,'phase-10i','cargo test --workspace','passed','Pinned Rust toolchain, reported by Phase 10-i agent.');
INSERT INTO "validation" VALUES(24,'phase-10i','cargo clippy --workspace --all-targets -- -D warnings','passed','Pinned Rust toolchain, reported by Phase 10-i agent.');
INSERT INTO "validation" VALUES(25,'phase-10i','cargo doc -p croma-core --no-deps','passed','Pinned Rust toolchain, reported by Phase 10-i agent.');
INSERT INTO "validation" VALUES(26,'phase-10i','cargo package -p croma-core --allow-dirty','passed','Pinned Rust toolchain, reported by Phase 10-i agent.');
INSERT INTO "validation" VALUES(27,'phase-10i','git diff --check','passed','Reported by Phase 10-i agent.');
INSERT INTO "validation" VALUES(28,'testbed-reproducibility','find "$ABC_ROOT" -type f -name ''*.abc'' | wc -l','passed','10000 files under /Users/rodox/dev/rs/trd_obsolete/test/real/abc.');
INSERT INTO "validation" VALUES(29,'testbed-reproducibility','find "$REF_ROOT" -type f \( -name ''*.musicxml'' -o -name ''*.xml'' \) | wc -l','passed','10000 reference XML/MusicXML files under /Users/rodox/dev/rs/trd_obsolete/test/real/musicxml.');
INSERT INTO "validation" VALUES(30,'testbed-reproducibility','uv run python tools/progress/progress.py status','passed','Tracker query works and shows Phase 10-i merged.');
INSERT INTO "validation" VALUES(31,'testbed-reproducibility','git diff --check','passed',NULL);
INSERT INTO "validation" VALUES(32,'linux-sandbox-env','cargo build -p croma-cli','pass','Built target/debug/croma on x86_64-unknown-linux-gnu with Rust 1.96.0.');
INSERT INTO "validation" VALUES(33,'linux-sandbox-env','cargo test --workspace','pass','cli 18, croma-core 145, croma-fmt 1 passed; 0 failed.');
INSERT INTO "validation" VALUES(34,'linux-sandbox-env','uv sync','pass','Resolved 30 / installed 28 packages; music21 10.3.0, polars 1.41.2 importable.');
INSERT INTO "validation" VALUES(35,'bootstrap-hardening','bash -n tools/session_bootstrap.sh','passed',NULL);
INSERT INTO "validation" VALUES(36,'bootstrap-hardening','tools/session_bootstrap.sh','passed','Normal local run with uv/cargo present.');
INSERT INTO "validation" VALUES(37,'bootstrap-hardening','PATH=/usr/bin:/bin tools/session_bootstrap.sh','passed','Simulated uv/cargo missing; progress tracker restored through python3 fallback.');
INSERT INTO "validation" VALUES(38,'bootstrap-hardening','git diff --check','passed',NULL);
INSERT INTO "validation" VALUES(39,'bootstrap-hardening','brew install git-lfs && git lfs install','passed','Installed git-lfs 3.7.1 and initialized Git LFS hooks.');
INSERT INTO "validation" VALUES(40,'bootstrap-hardening','uv run python tools/provision_corpus.py build-archive --output docs/untracked/corpus/zenodo-10k --archive docs/corpus/zenodo-10k-abc.tar.gz','passed','Built 2.5M ABC corpus archive with sha256 dfaff46a0af4bfc93b70a55dccff17d16dd1fbc8aeb5eff814bb9c2e0284cc92.');
INSERT INTO "validation" VALUES(41,'bootstrap-hardening','uv run python tools/provision_corpus.py import-archive --archive docs/corpus/zenodo-10k-abc.tar.gz','passed','Verified checksum and restored 10000 ABC files from the archive.');
INSERT INTO "validation" VALUES(42,'bootstrap-hardening','tools/session_bootstrap.sh --fetch-corpus','passed','Preferred verified LFS archive and reported ABC corpus available with 10000 files while reference XML remained missing.');
INSERT INTO "validation" VALUES(43,'bootstrap-hardening','uv run python -m py_compile tools/provision_corpus.py tools/music21_polars_corpus_compare.py','passed',NULL);
INSERT INTO "validation" VALUES(44,'bootstrap-hardening','uv run python -m pytest tests -q','passed','6 passed.');
INSERT INTO "validation" VALUES(45,'bootstrap-hardening','git diff --cached --check','passed',NULL);
INSERT INTO "validation" VALUES(46,'bootstrap-hardening','git lfs ls-files','passed','dfaff46a0a * docs/corpus/zenodo-10k-abc.tar.gz');
INSERT INTO "validation" VALUES(47,'phase-10k','cargo test --workspace','pass','148 core tests incl. 3 new no-happy-path lyric tests');
INSERT INTO "validation" VALUES(48,'phase-10k','cargo clippy --workspace --all-targets -- -D warnings','pass','clean');
INSERT INTO "validation" VALUES(49,'phase-10k','uv run python -m pytest tests -q','pass','6 passed');
INSERT INTO "validation" VALUES(50,'phase-10k','git diff --check','pass','no whitespace errors');
INSERT INTO "validation" VALUES(51,'phase-10k','full 10k report-only compare','pass','lyric 89->75, +7 matches, -1064 rows, no regressions');
INSERT INTO "validation" VALUES(52,'phase-10l','cargo test --workspace','pass','149 core tests incl. new inline-field-after-barline test');
INSERT INTO "validation" VALUES(53,'phase-10l','cargo clippy --workspace --all-targets -- -D warnings','pass','clean');
INSERT INTO "validation" VALUES(54,'phase-10l','full 10k report-only compare','pass','-40235 mismatch rows, no category regressions');
INSERT INTO "validation" VALUES(55,'phase-10m','cargo test --workspace','pass','151 core tests incl. inline key apply + clef-only preserve');
INSERT INTO "validation" VALUES(56,'phase-10m','cargo clippy --workspace --all-targets -- -D warnings','pass','clean');
INSERT INTO "validation" VALUES(57,'phase-10m','cargo fmt --all -- --check','pass','clean');
INSERT INTO "validation" VALUES(58,'phase-10m','full 10k report-only compare','pass','-12541 rows, +30 matches, no regressions');
INSERT INTO "validation" VALUES(59,'phase-10n','cargo test --workspace','pass','153 core tests incl. one-part-per-voice + single-voice');
INSERT INTO "validation" VALUES(60,'phase-10n','cargo clippy --workspace --all-targets -- -D warnings','pass','clean');
INSERT INTO "validation" VALUES(61,'phase-10n','cargo fmt --all -- --check','pass','clean');
INSERT INTO "validation" VALUES(62,'phase-10n','full 10k report-only compare','pass','-3,131,255 rows (-89%); exposes pre-existing per-note issues');
INSERT INTO "validation" VALUES(63,'phase-10o','cargo test --workspace','pass','155 core tests incl. clef-octave + bare-voice-switch');
INSERT INTO "validation" VALUES(64,'phase-10o','cargo clippy --workspace --all-targets -- -D warnings','pass','clean');
INSERT INTO "validation" VALUES(65,'phase-10o','cargo fmt --all -- --check','pass','clean');
INSERT INTO "validation" VALUES(66,'phase-10o','full 10k report-only compare','pass','-17658 rows, octave -17623, no regressions');
INSERT INTO "validation" VALUES(67,'phase-10p','cargo test --workspace','pass','156 core tests incl. W: credit');
INSERT INTO "validation" VALUES(68,'phase-10p','cargo clippy --workspace --all-targets -- -D warnings','pass','clean');
INSERT INTO "validation" VALUES(69,'phase-10p','cargo fmt --all -- --check','pass','clean');
INSERT INTO "validation" VALUES(70,'phase-10p','full 10k report-only compare','pass','+173 matches, -21560 rows');
INSERT INTO "validation" VALUES(71,'phase-10q','cargo test --workspace','pass','157 core tests incl. decoration notations');
INSERT INTO "validation" VALUES(72,'phase-10q','cargo clippy --workspace --all-targets -- -D warnings','pass','clean');
INSERT INTO "validation" VALUES(73,'phase-10q','cargo fmt --all -- --check','pass','clean');
INSERT INTO "validation" VALUES(74,'phase-10q','full 10k report-only compare','pass','+16 matches, -7373 rows');
INSERT INTO "validation" VALUES(75,'phase-10r','cargo test --workspace','pass','158 core tests incl. staccato chord length');
INSERT INTO "validation" VALUES(76,'phase-10r','cargo clippy --workspace --all-targets -- -D warnings','pass','clean');
INSERT INTO "validation" VALUES(77,'phase-10r','cargo fmt --all -- --check','pass','clean');
INSERT INTO "validation" VALUES(78,'phase-10r','full 10k report-only compare','pass','-16907 rows, nearly all categories improved');
INSERT INTO "validation" VALUES(79,'phase-10s','cargo test --workspace','pass','159 core tests incl. chord-adjacent-barline');
INSERT INTO "validation" VALUES(80,'phase-10s','cargo clippy --workspace --all-targets -- -D warnings','pass','clean');
INSERT INTO "validation" VALUES(81,'phase-10s','cargo fmt --all -- --check','pass','clean');
INSERT INTO "validation" VALUES(82,'phase-10s','full 10k report-only compare','pass','-97953 rows (-30%), nearly all categories improved');
INSERT INTO "validation" VALUES(83,'phase-10t','cargo test --workspace','pass','160 core tests incl. unclosed-decoration recovery');
INSERT INTO "validation" VALUES(84,'phase-10t','cargo clippy --workspace --all-targets -- -D warnings','pass','clean');
INSERT INTO "validation" VALUES(85,'phase-10t','cargo fmt --all -- --check','pass','clean');
INSERT INTO "validation" VALUES(86,'phase-10t','full 10k report-only compare','pass','-2265 rows, no regression');
INSERT INTO "validation" VALUES(87,'phase-11a','cargo test --workspace','pass','162 core tests incl. staves grouping');
INSERT INTO "validation" VALUES(88,'phase-11a','cargo clippy --workspace --all-targets -- -D warnings','pass','clean');
INSERT INTO "validation" VALUES(89,'phase-11a','cargo fmt --all -- --check','pass','clean');
INSERT INTO "validation" VALUES(90,'phase-11a','full 10k report-only compare','pass','+105 matches, -14769 rows, no regressions');
INSERT INTO "validation" VALUES(91,'phase-11i','cargo test --workspace','pass','188 core lib tests + workspace');
INSERT INTO "validation" VALUES(92,'phase-11i','cargo clippy --workspace --all-targets -- -D warnings','pass','');
INSERT INTO "validation" VALUES(93,'phase-11i','cargo fmt --all -- --check','pass','');
INSERT INTO "validation" VALUES(94,'phase-11i','uv run python -m pytest tests -q','pass','6 passed');
INSERT INTO "validation" VALUES(95,'phase-11i','git diff --check','pass','');
INSERT INTO "validation" VALUES(96,'phase-23','cargo test --workspace','pass','Passed after cargo fmt; first sandboxed run hit a Python multiprocessing sysconf sandbox permission and was rerun with approval.');
INSERT INTO "validation" VALUES(97,'phase-23','cargo run -p croma-cli -- xml examples/basic.abc','pass','Smoke export succeeded.');
INSERT INTO "validation" VALUES(98,'phase-23','cargo clippy --workspace --all-targets -- -D warnings','pass','No clippy warnings.');
INSERT INTO "validation" VALUES(99,'phase-23','cargo fmt --all -- --check','pass','Passed after running cargo fmt --all for import ordering.');
INSERT INTO "validation" VALUES(100,'phase-23','uv run pytest','pass','6 Python tooling tests passed.');
INSERT INTO "validation" VALUES(101,'phase-23','git diff --check','pass','Whitespace check clean.');
INSERT INTO "validation" VALUES(102,'phase-23','tools/prove_divergences.py','pass','RESIDUAL_PHANTOM_CROMA=0 and REVIEW=0.');
INSERT INTO "validation" VALUES(103,'phase-23','full 10k comparison vs origin/main','pass','7031 structural matches, 184806 mismatch rows, zero match-to-mismatch, zero worse files, no category increases.');
INSERT INTO "validation" VALUES(104,'phase-24-fmt','cargo test --workspace','pass','green');
INSERT INTO "validation" VALUES(105,'phase-24-fmt','cargo clippy --workspace --all-targets -- -D warnings','pass','green');
INSERT INTO "validation" VALUES(106,'phase-24-fmt','cargo fmt --all -- --check','pass','green');
INSERT INTO "validation" VALUES(107,'phase-24-fmt','uv run python tools/prove_fmt_lossless.py --abc-root <10k>','pass','10k: notes_changed=0, not_idempotent=0, auto_fixed=2682, fmt_errors=0 (local only, not CI)');
INSERT INTO "validation" VALUES(108,'phase-25-fmt-barline','cargo test --workspace','pass','green');
INSERT INTO "validation" VALUES(109,'phase-25-fmt-barline','cargo clippy --workspace --all-targets -- -D warnings','pass','green');
INSERT INTO "validation" VALUES(110,'phase-25-fmt-barline','cargo fmt --all -- --check','pass','green');
INSERT INTO "validation" VALUES(111,'phase-25-fmt-barline','uv run python tools/prove_fmt_lossless.py (10k)','pass','10k: notes_changed=0, not_idempotent=0, canonical_xml_changed=0, auto_fixed=3290 (local only)');
INSERT INTO "validation" VALUES(112,'phase-26-fmt-field-spacing','cargo test --workspace','pass','green');
INSERT INTO "validation" VALUES(113,'phase-26-fmt-field-spacing','cargo clippy --workspace --all-targets -- -D warnings','pass','green');
INSERT INTO "validation" VALUES(114,'phase-26-fmt-field-spacing','cargo fmt --all -- --check','pass','green');
INSERT INTO "validation" VALUES(115,'phase-26-fmt-field-spacing','uv run python tools/prove_fmt_lossless.py (10k)','pass','10k: notes_changed=0, not_idempotent=0, canonical_xml_changed=0, auto_fixed=7001 (local only)');
INSERT INTO "validation" VALUES(116,'phase-27-abc-writer','cargo test --workspace','pass','to_abc unit/projection round-trip + dump abc CLI test green');
INSERT INTO "validation" VALUES(117,'phase-27-abc-writer','cargo clippy --workspace --all-targets -- -D warnings','pass','clean');
INSERT INTO "validation" VALUES(118,'phase-27-abc-writer','cargo fmt --all -- --check','pass','clean');
INSERT INTO "validation" VALUES(119,'phase-27-abc-writer','uv run pytest -q','pass','6 passed');
INSERT INTO "validation" VALUES(120,'phase-27-abc-writer','cargo publish -p croma-core --dry-run','pass','no new dependency added by writer');
INSERT INTO "validation" VALUES(121,'phase-27-abc-writer','uv run python tools/prove_abc_roundtrip.py --abc-root docs/untracked/corpus/zenodo-10k/abc','pass','total=10000 in_scope=3149 structural_diffs=0 errors=0 (local-only)');
INSERT INTO "validation" VALUES(122,'phase-28-abc-writer-coverage','uv run python tools/prove_abc_roundtrip.py --abc-root <10k>','pass','total=10000 in_scope=5699 structural_diffs=0 errors=0 (local-only)');
INSERT INTO "validation" VALUES(123,'phase-29-abc-writer-coverage-2','uv run python tools/prove_abc_roundtrip.py --abc-root <10k>','pass','total=10000 in_scope=9249 structural_diffs=0 errors=0 (local-only)');
INSERT INTO "validation" VALUES(124,'phase-29-abc-writer-coverage-2','cargo test --workspace && cargo clippy --workspace --all-targets -- -D warnings && cargo fmt --all -- --check && cargo publish -p croma-core --dry-run','pass','255 croma-core tests; no new dependency');
INSERT INTO "validation" VALUES(125,'phase-30-parser-fixes','cargo test --workspace && cargo clippy --workspace --all-targets -- -D warnings && cargo fmt --all -- --check && git diff --check','pass','290 croma-core tests; clean');
INSERT INTO "validation" VALUES(126,'phase-30-parser-fixes','cargo publish -p croma-core --dry-run','pass','no new dependencies');
INSERT INTO "validation" VALUES(127,'phase-30-parser-fixes','uv run pytest -q','pass','6 passed');
INSERT INTO "validation" VALUES(128,'phase-30-parser-fixes','uv run python tools/prove_abc_roundtrip.py --abc-root <10k>','pass','total=10000 in_scope=9263 (92.63%) structural_diffs=0 errors=0 lower_fail=65 (all abc.file.no_music) (local-only)');
INSERT INTO "validation" VALUES(129,'phase-30-parser-fixes','full 10k report-only compare (corpus_harness xml + music21_polars_corpus_compare)','pass','matches 7031->7274, mismatch rows 184806->179562, zero match-to-mismatch, no category increases; accidental -84, harmony -3451, direction -139, tuplet -31');
INSERT INTO "validation" VALUES(130,'phase-31-compare-cache','uv run pytest -q','pass','17 passed: 5 new cache integration tests (warm replay, facts layer with tables, content invalidation, path patching, corrupt-db recovery) + 6 compare_cache unit tests + 6 pre-existing');
INSERT INTO "validation" VALUES(131,'phase-31-compare-cache','cargo test --workspace','pass','290 croma-core + CLI/fmt suites; Rust untouched');
INSERT INTO "validation" VALUES(132,'phase-31-compare-cache','full 10k compare: cold vs warm vs --no-cache parity','pass','reports identical excluding volatile keys; per-file summaries byte-identical (10000 rows); warm 0.63 s vs no-cache 28.99 s; cold facts_misses 19367, warm result_hits 9935');
INSERT INTO "validation" VALUES(133,'phase-31-compare-cache','full 10k incremental compare vs parser-fixes baseline xml (448 changed files)','pass','2.5 s; mismatch rows 184806 / structural mismatches 2904 exactly match the known baseline report');
INSERT INTO "validation" VALUES(134,'phase-31-compare-cache','uv run pytest -q (columnar + logging follow-up)','pass','21 passed: adds fast-encoder parity vs reference encoder, columnar comparison_key byte-parity vs python json.dumps, JSONL default logging events, legacy text mode');
INSERT INTO "validation" VALUES(135,'phase-31-compare-cache','full 10k output parity: new columnar code vs committed code','pass','per-file summaries and lyric mismatches table (incl. comparison_key column) byte-identical across sorted diff; counts 7274/2661/179562 unchanged');
INSERT INTO "validation" VALUES(136,'phase-31-compare-cache','cache version rotation on tool change','pass','result_version rotated automatically (facts retained): facts-warm/results-cold rerun 13.9 s repopulated 9935 pairs, next run fully warm 0.76 s');
INSERT INTO "validation" VALUES(137,'phase-31-compare-cache','uv run pytest -q (orjson encoder follow-up)','pass','21 passed; encoder parity test reworked: scalars exact vs reference encoder incl. >64-bit int fallback, containers semantically equal + compact + sorted keys');
INSERT INTO "validation" VALUES(138,'phase-31-compare-cache','full 10k --no-cache with orjson encoder','pass','counts identical (7274 matches / 2661 structural mismatches / 179562 mismatch rows / 25326487 fact rows); elapsed 24.2 s; warm per-file output byte-identical to no-cache');
INSERT INTO "validation" VALUES(139,'phase-31-compare-cache','cache codec interop (stdlib-written blobs read by orjson)','pass','facts layer served 19870 old-format blobs on the re-warm run (8.0 s), fully warm rerun 0.65 s');
INSERT INTO "validation" VALUES(140,'phase-31-compare-cache','uv run pytest -q (schema v3)','pass','22 passed; adds typed_value unit mapping + integration assertions on value_kind/value_str/value_int/value_json and explicit-only raw_value');
INSERT INTO "validation" VALUES(141,'phase-31-compare-cache','full 10k --no-cache v3 equivalence','pass','counts and all 15 mismatch-category totals identical to v2 (7274/2661/179562/25326487); per-file summaries byte-identical; report diff empty beyond schema/column metadata (examples included)');
INSERT INTO "validation" VALUES(142,'phase-31-compare-cache','v3 cached paths + typed parquet smoke','pass','rewarm 7.5 s (facts 19870 hits), warm 0.68 s, lyric selector 3.1 s writing typed mismatches parquet (356 rows, natively filterable columns)');
INSERT INTO "validation" VALUES(143,'phase-32-midtune-key-meter','uv run python tools/prove_abc_roundtrip.py --abc-root <10k>','pass','total=10000 in_scope=9925 (99.25%) structural_diffs=0 errors=0 (local-only)');
INSERT INTO "validation" VALUES(144,'phase-32-midtune-key-meter','full 10k report-only compare (corpus_harness xml + music21_polars_corpus_compare)','pass','matches 7274->7536, mismatch rows 179562->174701, no category increases');
INSERT INTO "validation" VALUES(145,'phase-32-midtune-key-meter','cargo test --workspace && clippy -D warnings && fmt --check && pytest && publish --dry-run','pass','298 croma-core tests incl. tie-pitch-carry + M:none regression tests');
INSERT INTO "validation" VALUES(146,'phase-33-compare-triage','full 10k report-only compare (phase-33 recorded batches)','pass','Recorded from landed phase-33 tracker evidence: matches 7536->8825, mismatch rows 174701->168183, 0 per-file regressions at each batch.');
INSERT INTO "validation" VALUES(147,'phase-33-compare-triage','uv run python tools/prove_abc_roundtrip.py --abc-root <10k>','pass','Recorded from landed phase-33 tracker evidence: 99.25 percent in-scope coverage, 0 structural diffs unchanged.');
INSERT INTO "validation" VALUES(148,'phase-33-compare-triage','cargo test --workspace && cargo clippy --workspace --all-targets -- -D warnings && cargo fmt --all -- --check','pass','Recorded from landed phase-33 fix commits; subsequent HEAD includes two additional ledger fixes to re-verify in phase-35.');
INSERT INTO "validation" VALUES(149,'phase-35-ledger-burndown','cargo fmt --all -- --check','pass','clean');
INSERT INTO "validation" VALUES(150,'phase-35-ledger-burndown','cargo clippy --workspace --all-targets -- -D warnings','pass','clean');
INSERT INTO "validation" VALUES(151,'phase-35-ledger-burndown','cargo test --workspace','pass','CLI 25, croma-core 326, croma-fmt 25, doc tests pass');
INSERT INTO "validation" VALUES(152,'phase-35-ledger-burndown','cargo run -p croma-cli -- xml examples/basic.abc','pass','MusicXML smoke export produced score-partwise XML');
INSERT INTO "validation" VALUES(153,'phase-35-ledger-burndown','uv run pytest','pass','24 passed');
INSERT INTO "validation" VALUES(154,'phase-35-ledger-burndown','full 10k report-only compare with per-file summary','pass','matches 8858->8861, mismatch rows 167943->164267, zero match-to-mismatch regressions, zero common-file row regressions');
INSERT INTO "validation" VALUES(155,'phase-35-ledger-burndown','uv run python tools/prove_abc_roundtrip.py --abc-root docs/untracked/corpus/zenodo-10k/abc','pass','total=10000 in_scope=9925 coverage=99.25 structural_diffs=0 errors=0 lower_fail=65 no_music');
INSERT INTO "validation" VALUES(156,'phase-35-ledger-burndown','cargo publish --dry-run -p croma-core --allow-dirty','pass','Packaged 58 files and verified croma-core v0.1.0; exact no-allow-dirty command will be rerun after commit.');
INSERT INTO "validation" VALUES(157,'phase-36-ledger-burndown','cargo fmt --all -- --check','pass','clean');
INSERT INTO "validation" VALUES(158,'phase-36-ledger-burndown','cargo test -p croma-core one_note_tuplet -- --nocapture','pass','2 regression tests passed after red failure');
INSERT INTO "validation" VALUES(159,'phase-36-ledger-burndown','cargo test -p croma-core tuplet -- --nocapture','pass','17 tuplet-focused tests passed');
INSERT INTO "validation" VALUES(160,'phase-36-ledger-burndown','cargo test --workspace','pass','CLI 25, croma-core 328, croma-fmt 25, croma-lsp 0, doc tests pass');
INSERT INTO "validation" VALUES(161,'phase-36-ledger-burndown','cargo run -p croma-cli -- xml examples/basic.abc','pass','MusicXML smoke export produced score-partwise XML');
INSERT INTO "validation" VALUES(162,'phase-36-ledger-burndown','uv run pytest','pass','24 passed');
INSERT INTO "validation" VALUES(163,'phase-36-ledger-burndown','targeted tune_010459/tune_010462 export + compare','pass','2 exports succeeded; after-compare has 6 residual tuplet rows, all croma startStop vs reference null artifacts');
INSERT INTO "validation" VALUES(164,'phase-36-ledger-burndown','full 10k report-only compare','pass','10000 attempted; 9935 exports; 8861 structural matches; 164265 mismatch rows; 607 tuplet rows; 0 MusicXML import failures');
INSERT INTO "validation" VALUES(165,'phase-37-ledger-burndown','cargo fmt --all -- --check','pass','phase-37a decoration fallback slice');
INSERT INTO "validation" VALUES(166,'phase-37-ledger-burndown','cargo test -p croma-core musicxml::tests::','pass','148 MusicXML tests passed');
INSERT INTO "validation" VALUES(167,'phase-37-ledger-burndown','cargo test --workspace','pass','workspace tests passed: CLI 25, croma-core 329, croma-fmt 25, doc tests pass');
INSERT INTO "validation" VALUES(168,'phase-37-ledger-burndown','cargo run -p croma-cli -- xml examples/basic.abc','pass','CLI XML smoke exited 0');
INSERT INTO "validation" VALUES(169,'phase-37-ledger-burndown','full 10k report-only compare','pass','9935 exports, 65 expected no_music failures, 0 harness/import failures; structural matches 8865, mismatch rows 164220.');
CREATE VIEW phase_summary AS
SELECT
  phase_id,
  status,
  branch,
  pr_number,
  commit_hash,
  selected_target,
  classification,
  summary,
  next_recommended_target
FROM phase
ORDER BY phase_id;
DELETE FROM "sqlite_sequence";
INSERT INTO "sqlite_sequence" VALUES('metric',145);
INSERT INTO "sqlite_sequence" VALUES('artifact',41);
INSERT INTO "sqlite_sequence" VALUES('validation',169);
COMMIT;
