BEGIN TRANSACTION;
CREATE TABLE artifact (
  id INTEGER PRIMARY KEY AUTOINCREMENT,
  phase_id TEXT NOT NULL REFERENCES phase(phase_id) ON DELETE CASCADE,
  kind TEXT NOT NULL,
  path TEXT NOT NULL,
  description TEXT,
  UNIQUE (phase_id, kind, path)
);
INSERT INTO "artifact" VALUES(1,'phase-10a','triage_md','docs/untracked/phase-10a-mismatch-root-cause-triage.md','Phase 10-a Polars/root-cause triage.');
INSERT INTO "artifact" VALUES(2,'phase-10a','triage_json','docs/untracked/phase-10a-mismatch-root-cause-triage.json','Phase 10-a machine-readable triage.');
INSERT INTO "artifact" VALUES(3,'phase-10e','full_report','docs/untracked/phase-10e/full-10k-report-only-compare-report.json','Full 10k report-only comparison with parallel tooling.');
INSERT INTO "artifact" VALUES(4,'phase-10f','triage_md','docs/untracked/phase-10f/phase-10f-polars-parser-target-triage.md','Cross-bar tie target triage.');
INSERT INTO "artifact" VALUES(5,'phase-10f','full_report','docs/untracked/phase-10f/full-10k-after-report-only-compare-report.json','Full 10k after cross-bar tie fix.');
INSERT INTO "artifact" VALUES(6,'phase-10g','triage_md','docs/untracked/phase-10g/phase-10g-text-direction-triage.md','Malformed quoted chord/text-direction triage.');
INSERT INTO "artifact" VALUES(7,'phase-10g','full_report','docs/untracked/phase-10g/full-10k-after-report-only-compare-report.json','Full 10k after malformed chord export fix.');
INSERT INTO "artifact" VALUES(8,'phase-10h','triage_md','docs/untracked/phase-10h/phase-10h-lyric-alignment-triage.md','Lyric hyphen control triage.');
INSERT INTO "artifact" VALUES(9,'phase-10h','full_report','docs/untracked/phase-10h/full-10k-after-report-only-compare-report.json','Full 10k after lyric hyphen export fix.');
INSERT INTO "artifact" VALUES(11,'phase-10i','triage_md','docs/untracked/phase-10i/phase-10i-lyric-melisma-triage.md','Lyric melisma/NBSP/empty-extender triage.');
INSERT INTO "artifact" VALUES(12,'phase-10i','triage_json','docs/untracked/phase-10i/phase-10i-lyric-melisma-triage.json','Machine-readable Phase 10-i triage.');
INSERT INTO "artifact" VALUES(13,'phase-10i','target_before_report','docs/untracked/phase-10i/target-before-compare-report.json','Target 107-file comparison before Phase 10-i fix.');
INSERT INTO "artifact" VALUES(14,'phase-10i','target_after_report','docs/untracked/phase-10i/target-after-compare-report.json','Target 107-file comparison after Phase 10-i fix.');
INSERT INTO "artifact" VALUES(15,'phase-10i','full_report','docs/untracked/phase-10i/full-10k-after-report-only-compare-report.json','Full 10k report-only comparison after Phase 10-i fix.');
INSERT INTO "artifact" VALUES(16,'phase-10i','residual_file_list','docs/untracked/phase-10i/residual-lyric-files.txt','Residual lyric target file list.');
INSERT INTO "artifact" VALUES(17,'phase-10i','target_corpus','docs/untracked/phase-10i/residual-lyric-target-corpus/','Target corpus for residual lyric/melisma analysis.');
INSERT INTO "artifact" VALUES(18,'testbed-reproducibility','recipe','docs/testing/corpus-reproducibility.md','Committed recipe for recreating corpus/testbed artifacts.');
INSERT INTO "artifact" VALUES(19,'testbed-reproducibility','inventory','docs/reference/corpus-inventory.md','Corpus inventory updated to current local input/reference roots.');
INSERT INTO "artifact" VALUES(20,'testbed-reproducibility','progress_snapshot','docs/progress/croma-progress.sql','Progress tracker SQL snapshot including this documentation phase.');
INSERT INTO "artifact" VALUES(21,'bootstrap-hardening','script','tools/session_bootstrap.sh','Session bootstrap script hardened to fail fast and tolerate uv-missing tracker restore via python3.');
INSERT INTO "artifact" VALUES(22,'bootstrap-hardening','progress_snapshot','docs/progress/croma-progress.sql','Progress tracker SQL snapshot recording bootstrap hardening.');
INSERT INTO "artifact" VALUES(23,'bootstrap-hardening','script','tools/provision_corpus.py','Croma-owned corpus provisioner for Zenodo import, verified LFS archive import/build, and abc2xml reference generation.');
INSERT INTO "artifact" VALUES(24,'bootstrap-hardening','lfs_archive','docs/corpus/zenodo-10k-abc.tar.gz','Optional Git LFS ABC corpus cache archive, built from the Zenodo 10k dataset output.');
INSERT INTO "artifact" VALUES(25,'bootstrap-hardening','checksum','docs/corpus/zenodo-10k-abc.tar.gz.sha256','SHA-256 checksum used by provision_corpus.py import-archive.');
INSERT INTO "artifact" VALUES(26,'bootstrap-hardening','docs','docs/testing/corpus-reproducibility.md','Documents Zenodo provenance, LFS cache, bootstrap provisioning, reference XML generation, and archive rebuild commands.');
INSERT INTO "artifact" VALUES(27,'phase-10k','triage_md','docs/untracked/phase-10k/phase-10k-lyric-bar-marker-triage.md','Bar-marker + double-hyphen lyric triage and 100%-or-justify report');
INSERT INTO "artifact" VALUES(28,'phase-10k','after_report','docs/untracked/session-after/full-10k-report-only-compare-report.json','Full 10k report-only compare after the fix');
INSERT INTO "artifact" VALUES(29,'phase-10k','baseline_report','docs/untracked/session-baseline/full-10k-report-only-compare-report.json','Full 10k report-only compare before the fix');
INSERT INTO "artifact" VALUES(30,'phase-10-closure','closure_report','docs/progress/phase-10-closure-report.md','Phase 10 parser/export quality closure report');
CREATE TABLE memory (
  key TEXT PRIMARY KEY,
  value TEXT NOT NULL,
  notes TEXT,
  updated_at TEXT NOT NULL DEFAULT (datetime('now'))
);
INSERT INTO "memory" VALUES('pinned_toolchain','Rust 1.96.0 pinned by rust-toolchain.toml at repo root.','Use plain cargo/rustc; rust-toolchain.toml auto-selects 1.96.0 on any host. Linux cloud sandbox provisions via rustup (rustup show); local dev via Nix flake. No absolute toolchain path.','2026-06-06 02:23:59');
INSERT INTO "memory" VALUES('python_tooling','Use uv for Python/music21/Polars/corpus tooling.','Do not hand-roll venv setup.','2026-06-06 01:33:56');
INSERT INTO "memory" VALUES('abc_reference_repo','/Users/rodox/dev/abc','Use as parser-policy/test/prover reference only; do not copy whole parser.','2026-06-06 06:01:44');
INSERT INTO "memory" VALUES('generated_artifacts_policy','Keep generated corpus XML/parquet/jsonl/reports under docs/untracked/.','Do not commit generated corpus artifacts unless explicitly requested.','2026-06-06 01:33:56');
INSERT INTO "memory" VALUES('formatter_lsp_gate','Formatter and LSP wait until parser quality is proven.','Parser/corpus/music21 work remains priority.','2026-06-06 01:33:56');
INSERT INTO "memory" VALUES('croma_core_crates_io','Keep croma-core crates.io-compatible.','Avoid path-only/local runtime assumptions in library code.','2026-06-06 01:33:56');
INSERT INTO "memory" VALUES('dev_environments','Two supported: Linux cloud sandbox (rustup + uv) and local Nix flake.','Build/validate from repo root: uv sync; cargo build -p croma-cli; cargo test --workspace. See docs/development-environment.md. Corpus roots are external; set ABC_ROOT/REF_ROOT per docs/testing/corpus-reproducibility.md.','2026-06-06 02:23:59');
INSERT INTO "memory" VALUES('phase_10k_outcome','Bar marker in w:/s: advances to next bar at block boundary and for consecutive markers; hyphen after space/hyphen holds a blank note (ABC 2.1 section 5.1).','Direct lyric rows 89->75; remaining 75 in tune_006403/001361/002325/006565 are downstream of measure-structure/overlay diffs, not lyric bugs.','2026-06-06 06:01:54');
INSERT INTO "memory" VALUES('next_target','Measure-model triage: leading bare-harmony empty measure (tune_006403) and inline meter-change empty measures (tune_002325).','High-value measure_alignment/barline targets surfaced by lyric triage.','2026-06-06 06:01:55');
CREATE TABLE meta (
  key TEXT PRIMARY KEY,
  value TEXT NOT NULL,
  updated_at TEXT NOT NULL DEFAULT (datetime('now'))
);
INSERT INTO "meta" VALUES('db_path','docs/untracked/croma-progress.sqlite','2026-06-06 01:33:56');
INSERT INTO "meta" VALUES('purpose','Local ignored Croma phase ledger for compact status recall and prompt generation.','2026-06-06 01:33:56');
INSERT INTO "meta" VALUES('schema_version','1','2026-06-06 01:33:56');
CREATE TABLE metric (
  id INTEGER PRIMARY KEY AUTOINCREMENT,
  phase_id TEXT NOT NULL REFERENCES phase(phase_id) ON DELETE CASCADE,
  scope TEXT NOT NULL,
  name TEXT NOT NULL,
  before_value TEXT,
  after_value TEXT,
  delta TEXT,
  unit TEXT,
  notes TEXT,
  UNIQUE (phase_id, scope, name)
);
INSERT INTO "metric" VALUES(1,'phase-9','full_10k_smoke','export_successes','unknown','9935',NULL,'files',NULL);
INSERT INTO "metric" VALUES(2,'phase-9','full_10k_smoke','export_failures','66','65','-1','files','Remaining failures classified as malformed/reference artifacts.');
INSERT INTO "metric" VALUES(3,'phase-10','full_10k','matches',NULL,'1335',NULL,'files',NULL);
INSERT INTO "metric" VALUES(4,'phase-10','full_10k','mismatches',NULL,'8600',NULL,'files',NULL);
INSERT INTO "metric" VALUES(5,'phase-10','full_10k','music21_import_failures',NULL,'0',NULL,'files','Croma and reference import failures both zero.');
INSERT INTO "metric" VALUES(6,'phase-10b','leading_subset','matches_mismatches','0/1932','636/1296',NULL,'files',NULL);
INSERT INTO "metric" VALUES(7,'phase-10b','leading_subset','mismatch_rows','1386236','61849','-1327387','rows',NULL);
INSERT INTO "metric" VALUES(8,'phase-10b','full_10k','matches_mismatches','2363/7572','2363/7572','0','files','File counts stable; row count improved.');
INSERT INTO "metric" VALUES(9,'phase-10b','full_10k','mismatch_rows','2759584','2759218','-366','rows',NULL);
INSERT INTO "metric" VALUES(10,'phase-10c','leading_subset','matches_mismatches','636/1296','785/1147',NULL,'files',NULL);
INSERT INTO "metric" VALUES(11,'phase-10c','leading_subset','mismatch_rows','61849','60907','-942','rows',NULL);
INSERT INTO "metric" VALUES(12,'phase-10c','full_10k','matches_mismatches','2363/7572','2897/7038',NULL,'files',NULL);
INSERT INTO "metric" VALUES(13,'phase-10c','full_10k','mismatch_rows','2759218','2755572','-3646','rows',NULL);
INSERT INTO "metric" VALUES(14,'phase-10e','full_10k_report_only','matches_mismatches',NULL,'2848/7087',NULL,'files','New tool schema/report-only run.');
INSERT INTO "metric" VALUES(15,'phase-10e','full_10k_report_only','mismatch_rows',NULL,'3652690',NULL,'rows',NULL);
INSERT INTO "metric" VALUES(16,'phase-10e','full_10k_report_only','elapsed',NULL,'28.912',NULL,'seconds','jobs=16 worker_chunk_size=16');
INSERT INTO "metric" VALUES(17,'phase-10f','target_tie_10_files','matches_mismatches','0/10','8/2',NULL,'files',NULL);
INSERT INTO "metric" VALUES(18,'phase-10f','target_tie_10_files','mismatch_rows','128','40','-88','rows',NULL);
INSERT INTO "metric" VALUES(19,'phase-10f','target_tie_10_files','tie_rows','88','0','-88','rows',NULL);
INSERT INTO "metric" VALUES(20,'phase-10f','full_10k','matches_mismatches','2848/7087','2945/6990',NULL,'files',NULL);
INSERT INTO "metric" VALUES(21,'phase-10f','full_10k','mismatch_rows','3652690','3649963','-2727','rows',NULL);
INSERT INTO "metric" VALUES(22,'phase-10f','full_10k','tie_rows','3398','671','-2727','rows',NULL);
INSERT INTO "metric" VALUES(23,'phase-10g','target_malformed_chord_1553_files','matches_mismatches','0/1553','128/1425',NULL,'files',NULL);
INSERT INTO "metric" VALUES(24,'phase-10g','target_malformed_chord_1553_files','mismatch_rows','64817','59154','-5663','rows',NULL);
INSERT INTO "metric" VALUES(25,'phase-10g','full_10k','matches_mismatches','2945/6990','3044/6891',NULL,'files',NULL);
INSERT INTO "metric" VALUES(26,'phase-10g','full_10k','mismatch_rows','3649963','3644300','-5663','rows',NULL);
INSERT INTO "metric" VALUES(27,'phase-10h','target_hyphen_777_files','matches_mismatches','0/777','42/735',NULL,'files',NULL);
INSERT INTO "metric" VALUES(28,'phase-10h','target_hyphen_777_files','mismatch_rows','346879','280647','-66232','rows',NULL);
INSERT INTO "metric" VALUES(29,'phase-10h','target_hyphen_777_files','lyric_rows','28984','627','-28357','rows',NULL);
INSERT INTO "metric" VALUES(30,'phase-10h','full_10k','matches_mismatches','3044/6891','3086/6849',NULL,'files',NULL);
INSERT INTO "metric" VALUES(31,'phase-10h','full_10k','mismatch_rows','3644300','3578068','-66232','rows',NULL);
INSERT INTO "metric" VALUES(32,'phase-10h','full_10k','lyric_rows','28985','628','-28357','rows',NULL);
INSERT INTO "metric" VALUES(33,'phase-10i','target_107_files','matches_mismatches','0/107','0/107','0','files','Target still structurally mismatches because of larger non-lyric categories; selected direct lyric issue improved.');
INSERT INTO "metric" VALUES(34,'phase-10i','target_107_files','mismatch_rows','266464','265905','-559','rows',NULL);
INSERT INTO "metric" VALUES(35,'phase-10i','target_107_files','lyric_component_rows','10063','9504','-559','rows',NULL);
INSERT INTO "metric" VALUES(36,'phase-10i','target_107_files','direct_lyric_rows',NULL,'89',NULL,'rows','After selected fix, direct lyric rows remain in 7 files.');
INSERT INTO "metric" VALUES(37,'phase-10i','target_107_files','improved_regressed_files',NULL,'17/0',NULL,'files','17 improved, 0 regressed in selected target evidence.');
INSERT INTO "metric" VALUES(38,'phase-10i','full_10k','matches_mismatches','3086/6849','3086/6849','0','files','No full-file match count change; selected rows reduced in target and full comparison.');
INSERT INTO "metric" VALUES(39,'phase-10i','full_10k','mismatch_rows','3578068','3578140','+72','rows','Report-only full run row accounting differs from Phase 10-h baseline; use triage details for selected direct lyric fix.');
INSERT INTO "metric" VALUES(40,'phase-10i','full_10k','direct_lyric_rows','628','89','-539','rows','Direct lyric rows after Phase 10-i: 89 in 7 files.');
INSERT INTO "metric" VALUES(41,'phase-10i','full_10k','exports_success_failure','9935/65','9935/65','0','files',NULL);
INSERT INTO "metric" VALUES(42,'phase-10i','full_10k','music21_import_failures','0/0','0/0','0','files','Croma/reference import failures.');
INSERT INTO "metric" VALUES(43,'phase-10i','full_10k','elapsed',NULL,'124.773',NULL,'seconds',NULL);
INSERT INTO "metric" VALUES(44,'phase-10k','full_10k','direct_lyric_rows','89','75',NULL,'rows','mismatch_category=lyric; remaining 75 in 4 files are downstream of measure-structure/overlay diffs');
INSERT INTO "metric" VALUES(45,'phase-10k','full_10k','lyric_target_files','7','4',NULL,'files','tune_009204/005254/003682 reach 100% lyric match');
INSERT INTO "metric" VALUES(46,'phase-10k','full_10k','mismatch_rows','3578140','3577076',NULL,'rows','net -1064; no category increased');
INSERT INTO "metric" VALUES(47,'phase-10k','full_10k','structural_matches','3086','3093',NULL,'files','+7 fully-matching files');
INSERT INTO "metric" VALUES(48,'phase-10k','full_10k','missing_in_croma','1794379','1794191',NULL,'rows','-188 lyric/symbol extender realignment');
INSERT INTO "metric" VALUES(49,'phase-10k','full_10k','extra_in_croma','1643332','1642470',NULL,'rows','-862 lyric/symbol extender realignment');
INSERT INTO "metric" VALUES(50,'phase-10k','full_10k','exports_success_failure','9935/65','9935/65',NULL,'files','unchanged; no new panics/failures');
INSERT INTO "metric" VALUES(51,'phase-10k','full_10k','import_failures','0/0','0/0',NULL,'files','croma/reference musicxml import failures');
INSERT INTO "metric" VALUES(52,'phase-10l','full_10k','mismatch_rows','3577076','3536841',NULL,'rows','-40235 across all categories; no regressions');
INSERT INTO "metric" VALUES(53,'phase-10l','full_10k','affected_files','62','62',NULL,'files','files with |[X: inline-field-after-barline pattern');
INSERT INTO "metric" VALUES(54,'phase-10l','full_10k','pitch','20575','17524',NULL,'rows','-3051');
INSERT INTO "metric" VALUES(55,'phase-10l','full_10k','duration','35199','32448',NULL,'rows','-2751');
INSERT INTO "metric" VALUES(56,'phase-10l','full_10k','measure_alignment','36128','34278',NULL,'rows','-1850');
INSERT INTO "metric" VALUES(57,'phase-10l','full_10k','structural_matches','3093','3094',NULL,'files','+1');
INSERT INTO "metric" VALUES(58,'phase-10m','full_10k','mismatch_rows','3536841','3524300',NULL,'rows','-12541; no regressions');
INSERT INTO "metric" VALUES(59,'phase-10m','full_10k','structural_matches','3094','3124',NULL,'files','+30 fully-matching');
INSERT INTO "metric" VALUES(60,'phase-10m','full_10k','duration','32448','24610',NULL,'rows','-7838 inline L/M');
INSERT INTO "metric" VALUES(61,'phase-10m','full_10k','accidental','9267','6768',NULL,'rows','-2499 inline K');
INSERT INTO "metric" VALUES(62,'phase-10m','full_10k','measure_alignment','34278','32267',NULL,'rows','-2011');
INSERT INTO "metric" VALUES(63,'phase-10n','full_10k','mismatch_rows','3524300','393045',NULL,'rows','-3,131,255 (-89%)');
INSERT INTO "metric" VALUES(64,'phase-10n','full_10k','missing_in_croma','1781788','113548',NULL,'rows','-1668240');
INSERT INTO "metric" VALUES(65,'phase-10n','full_10k','extra_in_croma','1625986','147500',NULL,'rows','-1478486');
INSERT INTO "metric" VALUES(66,'phase-10n','full_10k','structural_matches','3124','3153',NULL,'files','+29');
INSERT INTO "metric" VALUES(67,'phase-10n','full_10k','octave_exposed','8030','29970',NULL,'rows','+21940 pre-existing clef-octave now visible');
INSERT INTO "metric" VALUES(68,'phase-10o','full_10k','mismatch_rows','393045','375387',NULL,'rows','-17658');
INSERT INTO "metric" VALUES(69,'phase-10o','full_10k','octave','29970','12347',NULL,'rows','-17623 clef octave + property merge');
INSERT INTO "metric" VALUES(70,'phase-10o','full_10k','structural_matches','3153','3153',NULL,'files','unchanged');
INSERT INTO "metric" VALUES(71,'phase-10p','full_10k','mismatch_rows','375387','353827',NULL,'rows','-21560');
INSERT INTO "metric" VALUES(72,'phase-10p','full_10k','structural_matches','3153','3326',NULL,'files','+173');
INSERT INTO "metric" VALUES(73,'phase-10p','full_10k','extra_in_croma','147500','126517',NULL,'rows','-20983 W: verses to credits');
INSERT INTO "metric" VALUES(74,'phase-10p','full_10k','direction','5779','5133',NULL,'rows','-646');
INSERT INTO "metric" VALUES(75,'phase-10q','full_10k','mismatch_rows','353827','346454',NULL,'rows','-7373');
INSERT INTO "metric" VALUES(76,'phase-10q','full_10k','structural_matches','3326','3342',NULL,'files','+16');
INSERT INTO "metric" VALUES(77,'phase-10q','full_10k','extra_in_croma','126517','119199',NULL,'rows','-7318 decorations to notations');
INSERT INTO "metric" VALUES(78,'phase-10r','full_10k','mismatch_rows','346454','329547',NULL,'rows','-16907');
INSERT INTO "metric" VALUES(79,'phase-10r','full_10k','extra_in_croma','119199','110455',NULL,'rows','-8744');
INSERT INTO "metric" VALUES(80,'phase-10r','full_10k','missing_in_croma','113647','107172',NULL,'rows','-6475');
INSERT INTO "metric" VALUES(81,'phase-10r','full_10k','structural_matches','3342','3343',NULL,'files','+1');
INSERT INTO "metric" VALUES(82,'phase-10s','full_10k','mismatch_rows','329547','231594',NULL,'rows','-97953 (-30%)');
INSERT INTO "metric" VALUES(83,'phase-10s','full_10k','extra_in_croma','110455','65350',NULL,'rows','-45105');
INSERT INTO "metric" VALUES(84,'phase-10s','full_10k','missing_in_croma','107172','75912',NULL,'rows','-31260');
INSERT INTO "metric" VALUES(85,'phase-10s','full_10k','structural_matches','3343','3396',NULL,'files','+53');
INSERT INTO "metric" VALUES(86,'phase-10t','full_10k','mismatch_rows','231594','229329',NULL,'rows','-2265');
INSERT INTO "metric" VALUES(87,'phase-10t','full_10k','missing_in_croma','75912','74485',NULL,'rows','-1427 notes recovered');
INSERT INTO "metric" VALUES(88,'phase-10t','full_10k','structural_matches','3396','3396',NULL,'files','unchanged');
INSERT INTO "metric" VALUES(89,'phase-10-closure','full_10k','mismatch_rows','3578140','229329',NULL,'rows','-3,348,811 (-93.6%) across PR #25-#34');
INSERT INTO "metric" VALUES(90,'phase-10-closure','full_10k','structural_matches','3086','3396',NULL,'files','+310');
INSERT INTO "metric" VALUES(91,'phase-10-closure','full_10k','export_failures','65','65',NULL,'files','all abc.file.no_music (empty-body ABC)');
INSERT INTO "metric" VALUES(92,'phase-10-closure','full_10k','panics_harderrors_importfails','0','0',NULL,'count','no panics/hard errors/import failures');
INSERT INTO "metric" VALUES(93,'phase-11a','full_10k','mismatch_rows','229329','214560',NULL,'rows','-14769');
INSERT INTO "metric" VALUES(94,'phase-11a','full_10k','structural_matches','3396','3501',NULL,'files','+105');
INSERT INTO "metric" VALUES(95,'phase-11a','full_10k','extra_in_croma','65318','57618',NULL,'rows','-7700');
INSERT INTO "metric" VALUES(96,'phase-11a','full_10k','missing_in_croma','74485','67819',NULL,'rows','-6666');
INSERT INTO "metric" VALUES(97,'phase-11i','full-10k','harmony','6131','5496','-635','mismatch_rows','baseline phase-11h');
INSERT INTO "metric" VALUES(98,'phase-11i','full-10k','structural_matches','6443','6581','+138','files','net +138');
INSERT INTO "metric" VALUES(99,'phase-11i','full-10k','mismatch_rows','203622','202005','-1617','rows','');
INSERT INTO "metric" VALUES(100,'phase-11i','full-10k','croma_export_failures','65','65','0','files','unchanged');
INSERT INTO "metric" VALUES(101,'phase-11i','full-10k','regressions_match_to_mismatch','0','0','0','files','per-file summary diff');
CREATE TABLE phase (
  phase_id TEXT PRIMARY KEY,
  branch TEXT,
  status TEXT NOT NULL CHECK (status IN ('planned','in_progress','complete','merged','blocked','unknown')),
  pr_number INTEGER,
  pr_url TEXT,
  commit_hash TEXT,
  selected_target TEXT,
  classification TEXT,
  summary TEXT,
  next_recommended_target TEXT,
  updated_at TEXT NOT NULL DEFAULT (datetime('now'))
);
INSERT INTO "phase" VALUES('phase-9','codex/phase-9-cli-corpus-gate','complete',NULL,NULL,NULL,'CLI/corpus smoke gate and 66-failure evidence review','mixed: one Croma bug fixed; rest malformed/reference artifacts','10k corpus smoke gate rerun: 9935 successes, 65 failures, 0 panics/hard errors/timeouts after fixing body V: same-line music tail.','Move to full 10k music21 structural comparison.','2026-06-06 01:33:56');
INSERT INTO "phase" VALUES('phase-10','codex/phase-10-full-music21-compare','merged',11,NULL,NULL,'Full 10k music21 structural comparison','comparison baseline','Croma XML importability bugs addressed; 10000 attempted, 9935 exports, 0 music21 import failures, 1335 matches, 8600 mismatches.','Use mismatch categories to choose focused parser fixes.','2026-06-06 01:33:56');
INSERT INTO "phase" VALUES('phase-10a','codex/phase-10a-mismatch-root-causes','merged',12,NULL,'7d7ab46','Polars/root-cause triage','triage/evidence','Identified major clusters: V: voices collapsed, leading first-body barline, tuplet/broken drift, grace/key policy, chord/tie residual alignment, inline state drift, hidden rests.','Fix leading first-measure barline policy first.','2026-06-06 01:33:56');
INSERT INTO "phase" VALUES('phase-10b','codex/phase-10b-leading-barline-policy','merged',13,NULL,'41f5c39','Leading first-body barline policy','Croma bug fixed with known policy edge cases','Leading |, [|, |:, ||, |], liberal first-body barlines no longer create empty measure 1; targeted subset improved sharply.','Define liberal combined barline spellings.','2026-06-06 01:33:56');
INSERT INTO "phase" VALUES('phase-10c','codex/phase-10c-liberal-barlines','merged',14,NULL,'accf7dc','Liberal combined barlines','Croma policy fix','Defined ||:, [|:, :||, :|], :||:, :|:, ::, |::, ::| behavior; full 10k improved to 2897 matches / 7038 mismatches.','Small repeat-policy classification follow-up.','2026-06-06 01:33:56');
INSERT INTO "phase" VALUES('phase-10d','codex/phase-10d-repeat-policy-classification','merged',15,NULL,'d26b318','Repeat policy tests/classification','policy/tests','Added Phase 10-d repeat policy tests after Phase 10-c; details are in PR #15/local reports if needed.','Improve comparison tooling throughput and queryability.','2026-06-06 01:33:56');
INSERT INTO "phase" VALUES('phase-10e','codex/phase-10e-polars-parallel-comparison-tools','merged',16,NULL,'f22a9d1','Parallel music21 + Polars comparison tooling','tooling enhancement','Added jobs/chunk/progress/component/file filters, normalized fact/comparison/mismatch tables, summaries, baseline delta support. Full 10k report-only run took 28.912s with jobs=16.','Use Polars evidence to select focused parser fixes.','2026-06-06 01:33:56');
INSERT INTO "phase" VALUES('phase-10f','codex/phase-10f-polars-guided-parser-fix','merged',17,NULL,'2fbfae2','Cross-bar tie propagation','Croma bug fixed','Legal same-pitch ties across barlines no longer finalize before resolution. Target tie rows 88 -> 0; full tie rows 3398 -> 671.','Text/direction leakage or residual tie mixed cases.','2026-06-06 01:33:56');
INSERT INTO "phase" VALUES('phase-10g','codex/phase-10g-text-direction-leakage','merged',18,'https://github.com/ro-ag/croma/pull/18','640c7a6','Malformed unprefixed quoted chord strings','Croma MusicXML export bug fixed','Strings like "(A7)" and "C/" export as words instead of fake harmony; valid chord symbols still export as harmony. Full mismatch rows -5663.','Body w: lyric alignment/control mismatches.','2026-06-06 01:33:56');
INSERT INTO "phase" VALUES('phase-10h','codex/phase-10h-lyric-alignment-controls','merged',19,NULL,'ce6c160','Lyric hyphen control MusicXML export','Croma MusicXML export bug fixed','ABC lyric - controls no longer export as standalone sung text; escaped literal hyphens remain text. Full mismatch rows -66232; lyric rows 28985 -> 628.','Residual _ melisma/hold lyric alignment, especially tune_000509.abc.','2026-06-06 01:33:56');
INSERT INTO "phase" VALUES('phase-10i','codex/phase-10i-lyric-melisma-hold','merged',20,'https://github.com/ro-ag/croma/pull/20','51440fb','NBSP lyric tokenization plus empty-extender comparison for _ melisma holds','Croma bug plus comparison harness bug fixed','Fixed tune_000509-style lyric _ melisma/hold evidence: Croma no longer treats U+00A0 inside body w: lyrics as a separator, and comparison tooling preserves empty MusicXML lyric extender slots. Target direct lyric rows reduced; no targeted regressions.','Remaining direct lyric rows: 89 rows in 7 files, likely lyric cursor/reference-policy behavior; triage separately.','2026-06-06 01:46:30');
INSERT INTO "phase" VALUES('testbed-reproducibility','codex/testbed-reproducibility-recipe','complete',NULL,NULL,NULL,'Corpus/testbed recreation recipe','documentation/infrastructure','Added a committed recipe for recreating full 10k exports, report-only Music21/Polars comparisons, optional large table artifacts, targeted corpus selection, targeted comparisons, validation queries, and progress tracker restore/query/export workflow. Updated corpus inventory to the local trd_obsolete input/reference roots.','Use the recipe before the next parser phase; then triage the remaining 89 direct lyric rows in 7 files.','2026-06-06 02:01:00');
INSERT INTO "phase" VALUES('linux-sandbox-env','codex/phase-10j-linux-sandbox-env','complete',NULL,NULL,NULL,'Port dev-environment and corpus reproducibility docs from macOS-only paths to a portable Linux cloud sandbox + Nix flake setup; provision Rust 1.96.0 (rustup) and uv Python env','tooling/docs','Rewrote docs/development-environment.md for Linux cloud sandbox (rustup) and local Nix flake; made docs/testing/corpus-reproducibility.md environment-agnostic (ABC_ROOT/REF_ROOT vars, rust-toolchain.toml instead of absolute toolchain path); added provenance note to corpus-inventory.md; updated pinned_toolchain memory and added dev_environments memory. Built env: cargo build -p croma-cli OK, uv sync OK; cargo test --workspace green (cli 18, croma-core 145, croma-fmt 1).','Provision the external 10k corpus (ABC_ROOT/REF_ROOT) into the sandbox, then triage the residual 89 direct lyric rows in 7 files per phase-10i.','2026-06-06 02:24:17');
INSERT INTO "phase" VALUES('bootstrap-hardening','codex/bootstrap-hardening','complete',NULL,NULL,NULL,'Session bootstrap fail-fast behavior and uv fallback','tooling fix','Hardened tools/session_bootstrap.sh with fail-fast behavior, uv/python3 progress restore fallback, optional verified Git LFS ABC corpus cache import, Zenodo fallback provisioning, and explicit partial corpus status.','Continue Phase 10 parser work after provisioning ABC corpus and reference MusicXML; residual lyric policy triage remains next.','2026-06-06 04:35:22');
INSERT INTO "phase" VALUES('phase-10k','work/phase-10k-lyric-bar-marker','merged',25,'https://github.com/ro-ag/croma/pull/25',NULL,'Residual 89 direct lyric rows in 7 files (lyric cursor/bar-marker policy)','Croma bug fixed (two spec violations); residual rows justified as measure-model/overlay downstream artifacts','Fixed two ABC 2.1 section 5.1 violations: (1) a w:/s: bar marker now advances to the next bar at a block boundary and for consecutive markers instead of being ignored against the previous block note; (2) a hyphen preceded by a space or another hyphen now holds a blank note instead of exporting a literal dash. Direct lyric rows 89->75 across the full 10k; 3 files reach 100% lyric match and +7 files now fully match structurally with no category regressions. Remaining 75 rows in 4 files are downstream of measure-structure (empty leading harmony measure, cut-time grouping, inline meter-change empty measures) or voice-overlay divergences, which the positional comparison cannot align; lyric-to-note alignment is itself correct.','Triage measure-model differences: leading bare-harmony empty measure (tune_006403) and inline meter-change spurious empty measures (tune_002325); both are high-value measure_alignment/barline targets.','2026-06-06 06:34:21');
INSERT INTO "phase" VALUES('phase-10l','work/phase-10l-inline-field-barline','merged',NULL,NULL,NULL,'Inline information field after a barline mis-parsed as a liberal combined barline','Croma parser bug fixed','Fixed a parser bug where a barline immediately followed by an inline field (e.g. |[M:3/8], |[K:D]) swallowed the [ into a liberal |[ barline, dropping the field and inserting a spurious empty measure plus cascading garbage. The barline scan now stops before a [ that begins an inline field. Full 10k report-only mismatch rows drop 3,577,076 -> 3,536,841 (-40,235) with every category improved and none regressed; affects 62 corpus files. tune_002325 fully resolves (11 measures matching reference, 100 percent lyric match).','Apply inline [K:]/[M:]/[L:] changes (parsed but not yet applied): 377 files use inline key changes, 135 use inline meter; route them to the existing key/meter/unit change handlers and emit mid-tune key signatures.','2026-06-06 06:34:21');
INSERT INTO "phase" VALUES('phase-10m','work/phase-10m-inline-field-apply','merged',NULL,NULL,NULL,'Inline [K:]/[M:]/[L:] information fields parsed but never applied mid-tune','Croma parser bug fixed','Routed inline [M:]/[K:]/[L:] fields to the existing meter/key/unit change handlers so a mid-line change affects subsequent notes (accidentals, durations, meter). Hardened key tonic parsing so a clef shorthand or property token (bass, clef=bass) that happens to start with a note letter is no longer misread as a key change, and a clef-only inline [K:] leaves the signature untouched. Full 10k mismatch rows drop 3,536,841 -> 3,524,300 (-12,541): duration -7,838, accidental -2,499, measure_alignment -2,011, plus +30 fully-matching files and no category regressions.','Emit mid-tune <key>/<time> attributes in the MusicXML writer (currently applied to notes but not declared); then triage the remaining large missing_in_croma/extra_in_croma categories.','2026-06-06 07:01:17');
INSERT INTO "phase" VALUES('phase-10n','work/phase-10n-multipart-export','merged',NULL,NULL,NULL,'Single combined MusicXML part for multi-voice tunes vs one part per voice in abc2xml','Croma export model gap fixed (multi-voice multipart)','build_score_model now emits one MusicXML part per ABC voice (single score-partwise document, all parts), matching abc2xml/music21 and Finale-style export. Single-voice tunes are unchanged. Full 10k mismatch rows drop 3,524,300 -> 393,045 (-3,131,255, -89 percent): missing_in_croma -1,668,240, extra_in_croma -1,478,486, measure_alignment -10,957, slur -1,574, metadata -634, +29 fully-matching files. Correct part alignment EXPOSES pre-existing per-note mismatches previously hidden in the missing/extra bucket: octave +21,940 (clef octave transposition like clef=treble-8 not applied), duration +3,054, pitch +1,469, accidental +1,307. These are now visible and become the next targets.','Apply clef octave transposition (clef=treble-8/+8, octave=N) to voice note octaves to match abc2xml (octave +21,940 exposed by multipart).','2026-06-06 16:46:07');
INSERT INTO "phase" VALUES('phase-10o','work/phase-10o-clef-octave','merged',NULL,NULL,NULL,'Clef octave transposition (clef=treble-8 etc.) not applied; bare V: switch clobbered header voice properties','Croma export bug fixed','Apply the clef octave suffix (clef=treble-8/+8, +/-15) and octave= property as a per-voice octave shift on note octaves, and emit a matching clef-octave-change. Also fixed a pre-existing bug where a bare body V: switch overwrote a voices header-defined properties (clef/name/etc.) with empty values; properties now merge so each voice keeps its clef. Full 10k octave mismatches drop 29,970 -> 12,347 (-17,623), total rows 393,045 -> 375,387 (-17,658), no category regressions.','Triage remaining duration (27,664), measure_alignment (21,310), pitch (18,993), and the residual missing/extra (261k) categories.','2026-06-06 17:25:23');
INSERT INTO "phase" VALUES('phase-10p','work/phase-10p-direction-cleanup','merged',NULL,NULL,NULL,'W: post-tune words emitted as in-measure directions and duplicated per part','Croma export corrected to ABC + MusicXML specs','Per ABC 2.1 (W: = words printed after the tune) and MusicXML (page-level text = score-header <credit>), W: post-tune verses now export as <credit><credit-words> instead of in-measure <words> directions, and empty W: lines are skipped. Score-level directions (tempo, %% directives) are emitted once in the first part instead of once per voice-part. Full 10k structural matches +173 (3,153 -> 3,326), mismatch rows 375,387 -> 353,827 (-21,560): extra_in_croma -20,983, direction -646, with +69 missing_in_croma edge. abc2xml is only a baseline; this follows the ABC and MusicXML specs.','Map ABC decorations (!fermata!, articulations, ornaments) to MusicXML notation elements instead of <words> directions; then duration/pitch residuals.','2026-06-06 22:40:16');
INSERT INTO "phase" VALUES('phase-10q','work/phase-10q-decoration-notations','merged',NULL,NULL,NULL,'ABC decorations (fermata, articulations) emitted as <words> directions instead of notation elements','Croma export corrected to MusicXML notation categories','Map ABC !decorations! to the correct MusicXML <notations> category per the ABC 2.1 decoration list and MusicXML schema: fermata/invertedfermata -> <fermata>, staccato/accent/tenuto/wedge/marcato/breath -> <articulations>, trill/mordent/turn etc -> <ornaments>, upbow/downbow/open/thumb/snap -> <technical>. Previously only staccato/trill were handled (and staccato was wrongly placed in <ornaments>); everything else fell through to <words>. Full 10k structural matches +16 (3,326 -> 3,342), mismatch rows 353,827 -> 346,454 (-7,373): extra_in_croma -7,318, direction -85. fermata is the most common decoration in the corpus (6,669).','Triage duration (27,664), measure_alignment (21,310), pitch (18,993), octave (12,347), and residual missing/extra; then write the Phase 10 closure report.','2026-06-07 00:04:28');
INSERT INTO "phase" VALUES('phase-10r','work/phase-10r-staccato-chord-length','merged',NULL,NULL,NULL,'Staccato chord .[...] mis-parsed as a dotted barline, splitting the chord and dropping its length','Croma parser bug fixed','parse_dot treated [ as a barline character, so a staccato chord like .[CE]2 became a dotted barline plus separate notes with the length suffix lost. A dotted barline now starts only before | or :, so .[...] parses as a staccato chord that keeps its length. Full 10k mismatch rows 346,454 -> 329,547 (-16,907): extra_in_croma -8,744, missing_in_croma -6,475, with nearly every category improved (the chord split had cascaded into note/pitch/duration counts). Affects 94 occurrences in 20 files plus downstream.','Triage remaining duration (27,172), measure_alignment (20,895), pitch (18,707), octave (12,186), and residual missing/extra.','2026-06-07 00:59:47');
INSERT INTO "phase" VALUES('phase-10s','work/phase-10s-chord-barline','merged',NULL,NULL,NULL,'A chord adjacent to a barline (|[G2C,2], ][) mis-parsed as a liberal combined barline, splitting chords and over-fragmenting measures','Croma parser bug fixed','[ is a barline character (for [|, [::]), so the greedy barline scanner swallowed the [ that opens a chord right after a bar (|[G2C,2]) or between adjacent chords (][). The chord was split into separate notes and spurious measure boundaries were inserted. The scanner now stops at a [ that appears mid-scan and is not part of [|, so chords adjacent to barlines stay intact. Also fixed an infinite-loop edge for [] / [: by restoring the original parse_left_bracket guard. Full 10k mismatch rows 329,547 -> 231,594 (-97,953, -30 percent): extra_in_croma -45,105, missing_in_croma -31,260, with almost every category improving (chord splitting had cascaded into note/pitch/duration/measure counts). Affects 317 chord-heavy files.','Triage remaining missing/extra (141k), duration (21,965), measure_alignment (15,295), pitch (14,054), and the %%staves brace/paren grouping (multi-staff parts).','2026-06-07 04:55:49');
INSERT INTO "phase" VALUES('phase-10t','work/phase-10t-unclosed-decoration','merged',34,'https://github.com/ro-ag/croma/pull/34',NULL,'An unclosed ! decoration swallowed the following notes as its name','Croma parser bug fixed','parse_decoration scanned an unclosed ! up to whitespace or a barline, so a stray ! before notes (e.g. !f2e2f2, a deprecated line-break or typo) consumed those notes as the decoration name and dropped them. The recovery now keeps only the ! as malformed and rewinds so the following notes parse normally, matching abc2xml. Full 10k mismatch rows 231,594 -> 229,329 (-2,265): missing_in_croma -1,427, with nearly every category improving and no regression. tune_004513/004512 recover 3 dropped notes each (95 -> 98).','Triage the %%staves brace/paren grouping (multi-staff parts, biggest remaining systematic gap) and remaining measure-structure offsets.','2026-06-07 07:37:32');
INSERT INTO "phase" VALUES('phase-10-closure','work/phase-10-closure','merged',NULL,NULL,NULL,'Phase 10 corpus-driven parser/export hardening closure report','Phase 10 closure','Phase 10 closed: full 10k mismatch rows 3,578,140 -> 229,329 (-93.6 percent), structural matches 3,086 -> 3,396 (+310), across 10 merged spec-grounded fixes (PR #25-#34). No corpus panics, hard errors, or MusicXML import failures; 65 export failures are no-music/empty-body ABC documents. Remaining mismatches classified as abc2xml reference artifacts (Croma spec-correct), the %%staves () grouping deferred model gap (~8 files), small per-file measure issues, and positional comparison cascade. Closure report at docs/progress/phase-10-closure-report.md.','Implement %%staves () grouping (merge grouped voices into one multi-voice part); then deferred MusicXML writer refinements, then formatter/LSP per the roadmap.','2026-06-07 07:41:38');
INSERT INTO "phase" VALUES('phase-11a','work/phase-11a-staves-paren-grouping','merged',36,NULL,NULL,'%%staves () grouping ignored (one part per voice) and %%staves emitted as a words direction','Croma model gap fixed (multi-staff grouping)','Recognize %%staves like %%score and honour parenthesis grouping: voices inside a () group merge into one multi-voice part (overlay), while [] brackets and {} braces keep one part per voice. %%staves is now a parsed score directive instead of a preserved directive, so it is no longer emitted as a <words> direction. Full 10k structural matches +105 (3,396 -> 3,501), mismatch rows 229,329 -> 214,560 (-14,769): extra_in_croma -7,700, missing_in_croma -6,666, metadata -7, no regressions. tune_003557 now matches abc2xml part structure (3 parts).','Deferred MusicXML writer refinements (mid-tune <key>/<time>), then formatter/LSP per the roadmap; remaining residual is abc2xml reference artifacts and small per-file measure issues.','2026-06-07 08:03:19');
INSERT INTO "phase" VALUES('phase-11b','work/phase-11b-tempo-metronome','merged',37,'https://github.com/ro-ag/croma/pull/37','2e3256f','Q: tempo field exported as plain <words> (TextExpression) instead of a MusicXML metronome direction','Croma export gap fixed (spec-correct)','Q: tempo fields were emitted as <words>, so music21 read a generic TextExpression instead of a MetronomeMark. Now parse Q: into a tempo model and emit a <metronome> direction (beat-unit/beat-unit-dot/per-minute + sound tempo) matching ABC 2.1 3.1.8 and the MusicXML spec. Full 10k: structural matches 3,501 -> 5,263 (+1,762 files); mismatch rows 214,560 -> 211,589 (-2,971); direction 5,016 -> 2,059 (-2,957), no category regressions. Residual direction rows are abc2xml guessing bpm from free text / Italian tempo-name lookup (beyond spec) — Croma is spec-correct to keep them as words.','Triage duration (21,635), measure_alignment (14,998), pitch (13,776), octave (9,921), accidental (6,366) for systematic Croma bugs; remaining direction residual is reference artifact.','2026-06-07 20:03:13');
INSERT INTO "phase" VALUES('phase-11c','work/phase-11c-parallel-harness','merged',38,NULL,'8e340c7','Corpus tooling ran the export serially and the comparison on all 16 cores','Local tooling performance','corpus_harness.py export loop was fully serial and music21_polars_corpus_compare.py used all CPU cores. Parallelized the harness export over a ProcessPoolExecutor and capped both tools at cores-1 (host CPU minus 1) to keep the main process healthy. Output is byte-identical to serial (verified on 500 files, order preserved, resume intact); export speedup 3.6-7.2x. Local-only dev tooling, not in CI.','Fix the two confirmed accidental Croma bugs: inline [K:] key change leaking across all voices (should scope to current voice), and tie-across-barline losing the tied accidental (reset_measure_accidentals ignores pending_tie).','2026-06-07 20:22:53');
INSERT INTO "phase" VALUES('phase-11d','work/phase-11d-accidental-propagation','merged',39,NULL,'2f12fad','accidental category: inline [K:] leaking across voices and tie-across-barline losing the tied accidental','Croma parser bugs fixed (spec-correct)','Two confirmed accidental bugs. (A) an inline [K:] inside one voice line was applied to all voices, wiping their key accidentals; now scoped to the current voice only (ABC 2.1 sec 7), header K: unchanged. (B) a tie crossing a barline lost its accidental because reset_measure_accidentals cleared it and the stop note re-resolved from the key; now the tied pitch is preserved across the barline reset (ABC 2.1 sec 4.20). Full 10k: matches 5,263 -> 5,269 (+6); mismatch rows 211,589 -> 211,425 (-164); accidental 6,366 -> 6,215 (-151), slur -13, no regressions. Residual accidental rows are abc2xml courtesy naturals (beyond ABC 2.1 sec 4.2) — Croma is spec-correct.','Triage barline (5,846; 353 single-category files) and measure_alignment (14,998; 257 single-category) for the next systematic Croma bug; duration/pitch/octave remain.','2026-06-07 20:41:34');
INSERT INTO "phase" VALUES('phase-11e','work/phase-11e-repeat-start-placement','merged',40,NULL,'19abba9','barline category: repeat-start |: placed one measure too early (or dropped), and |] final barline dropped when followed by |','Croma parser/export bugs fixed (spec-correct)','Repeat-start |: that follows content was stored on the preceding measure and emitted as its left forward-repeat instead of the left barline of the measure beginning the repeat (ABC 2.1 sec 6). Fixed by deferring a trailing RepeatStart to the next measure via the existing pending_left_repeat path; leading |: unchanged. Also fixed |]| where the greedy barline tokenizer ate |] (Final) into a Liberal run — parse_barline now breaks after ] . Full 10k: matches 5,269 -> 5,556 (+287); mismatch rows 211,425 -> 210,106 (-1,319); barline 5,846 -> 3,341 (-2,505). Other categories rose from positional-cascade exposure (corrected measure boundaries realign the positional comparison). Per-file check: 288 files gained perfect match, 1 regressed by a single barline row (tune_010088, a 4-voice tune with an empty trailing |] measure).','Follow up tune_010088 multi-voice empty trailing measure final-barline edge; then research the remaining structural mismatch landscape (duration, pitch, measure_alignment, missing/extra cascades).','2026-06-07 23:56:14');
INSERT INTO "phase" VALUES('phase-11f','work/phase-11f-shorthand-decorations','merged',41,NULL,'13db6ef','extra_in_croma direction: ABC shorthand decorations emitted as <words> instead of MusicXML notations','Croma export bug fixed (spec-correct)','ABC 2.1 sec 4.14 single-char shorthand decorations (H fermata, T trill, u/v bowing, M/P mordents, S segno, O coda, L accent, ~ roll) and U:-defined symbols were stored as the raw char and exported as <words>, since the exporter only matched canonical long names (phase-10q). Now normalized to canonical names at parse time so they map through the existing notation/symbol/articulation path; ~ (roll, no clean MusicXML equivalent, abc2xml emits nothing) is suppressed (no words, no diagnostic). Full 10k: matches 5,556 -> 6,364 (+808); mismatch rows 210,106 -> 204,096 (-6,010); extra_in_croma -5,630, direction -585; zero match->mismatch regressions. Research-confirmed largest actionable clean signal.','Fix grace-note length modifiers (grace <type> from count only, ignores written length) for the duration category; then harmony chord-symbol diffs. Remaining missing/extra and accidental are mostly abc2xml reference artifacts (phantom measures, hardcoded L:1/8, courtesy naturals).','2026-06-08 02:02:37');
INSERT INTO "phase" VALUES('phase-11g','work/phase-11g-grace-note-length','merged',42,NULL,'5f877ab','duration category: grace-note written length modifiers ignored (grace <type> from group count only)','Croma export bug fixed (spec-correct)','Grace note <type> was derived solely from the grace-group note count, discarding each grace note written length modifier (/,2). Now the grace length multiplier is threaded through grace_note_event_model and the display duration is base(count) x multiplier, matching abc2xml ({B}=eighth, {B/}=16th, {AG}=16th, {A/G/}=32nd); grace notes still emit <grace/> with no <duration>. Full 10k: matches 6,364 -> 6,410 (+46); mismatch rows 204,096 -> 203,761 (-335); duration -335, zero changes in every other category (no regressions). Remaining duration is largely abc2xml hardcoded L:1/8 default (reference artifact, Croma spec-correct per ABC 2.1 4.6).','Harmony chord-symbol diffs (6,270) next; or %%MIDI directives over-rendered as words. Remaining missing/extra, pitch, octave, measure_alignment, accidental are mostly abc2xml reference artifacts (phantom measures, hardcoded L:1/8, courtesy naturals) per the phase-11 research.','2026-06-08 02:13:28');
INSERT INTO "phase" VALUES('phase-11h','work/phase-11h-harmony-chord-quality','merged',43,NULL,'c786c5b','harmony category: chord-quality misclassified by substring heuristic (dim swallowed by minor branch; aug/sus/6/dim7 unhandled)','Croma export bug fixed (spec-correct)','parse_chord_symbol mapped chord text to MusicXML <kind> with a naive substring chain so Xdim became minor and Xdim7/X7dim became dominant. Reordered/extended to classify diminished, diminished-seventh, augmented, suspended (2/4), major/minor sixth, and changed the fallback from other to major to match abc2xml. Full 10k: matches 6,410 -> 6,443 (+33); mismatch rows 203,761 -> 203,622 (-139); harmony -139, all other categories unchanged, 0 regressions. Still heuristic; next phase replaces it with a complete enumerated chord/decoration base.','Build a comprehensive table-driven base of ALL ABC decorations and ALL chord qualities -> exact MusicXML notations/kind, replacing the substring heuristics in parse_chord_symbol and decoration mapping for precision (per maintainer guidance).','2026-06-08 02:27:25');
INSERT INTO "phase" VALUES('phase-11i','work/phase-11i-chord-symbol-base','merged',44,NULL,'3de598f','harmony category: replace substring chord-quality heuristic with a structural, table-driven parser matching abc2xml grammar (root/accidental, kind table, trailing add-degrees, bass)','Croma export bug fixed (spec-correct)','Rewrote parse_chord_symbol as a structural parser following the ABC 2.1 4.18 grammar as implemented by abc2xml: root [A-G][#b=]?, greedy longest-match quality from a closed kind table (incl half-diminished, 9th/11th/13th, augmented-seventh), optional suspended token (kept only as kind when standalone), zero-or-more trailing chord degrees [#b=]?(2|4|5|6|7|9|11|13) emitted as degree-type=add (mirrors abc2xml which never emits subtract/alter), optional /bass, trailing (...) suppressed; leftover text => not harmony (=> words). Fixed dash being mis-read as a root flat (it is the minor quality). harmony 6131->5496 (-635), structural_matches 6443->6581 (+138), mismatch_rows 203622->202005 (-1617), export_failures 65 unchanged, 0 files regressed match->mismatch, all other categories flat or improved.','Remaining harmony residual is largely abc2xml reference artifacts; triage duration (21,358 / single-category files), measure_alignment (15,044), pitch (13,921) next.','2026-06-08 02:43:15');
INSERT INTO "phase" VALUES('phase-12','work/phase-12-core-module-breakdown','merged',46,NULL,'c04917e','Break oversized croma-core files into a stage/feature module tree (every impl file <=1000 lines, tests in sibling files)','Refactor (no behavior change)','Pure code-movement: music.rs (7906) split into syntax/, parse/, lower/; musicxml.rs (4241) into musicxml/*; fields.rs into parse/field/*; surface.rs into syntax/tune*. Tests moved to sibling *_tests.rs. Public API frozen (crate-root pub use names preserved; cli/fmt/lsp compile unchanged). Largest impl file now 972 lines (was 7906). Verified: cargo test/clippy/fmt + pytest green, and full 10k MusicXML output BYTE-IDENTICAL to pre-refactor (diff -r, 202005 rows unchanged). History preserved via git mv. Spec/plan under docs/superpowers/.','Resume parser/exporter quality work on the new module tree: %%MIDI directives over-rendered as words, remaining duration/pitch/measure residuals (mostly abc2xml reference artifacts).','2026-06-08 07:35:11');
INSERT INTO "phase" VALUES('phase-13','work/phase-13-midi-directive-words','merged',47,NULL,'843d10f','direction/extra_in_croma: preserved %% stylesheet directives (overwhelmingly %%MIDI) rendered as visible <words> directions','Croma export bug fixed (spec-correct)','Croma rendered preserved %% stylesheet directives (1138 %%MIDI occurrences across 551 files, plus a few junk/formatting ones) as visible <words> directions. abc2xml emits nothing for them: ABC 2.1 stylesheet/MIDI directives control playback/formatting, not printed text. Removed the preserved-directive words emission from the MusicXML writer (write_initial_directions; deleted write_preserved_directive in musicxml/direction.rs); model preserved_directives kept for round-trip/formatter use. TDD regression test added (midi_directives_are_not_emitted_as_words); 2 existing tests that pinned the old words behavior updated. Full 10k: structural matches 6581->6904 (+323), mismatch rows 202005->200345 (-1660), direction 1470->784 (-686), extra_in_croma 52027->50993 (-1034). Per-file: 0 match->mismatch regressions, 323 mismatch->match, 535 files fewer rows, only 2 already-mismatched files +6 rows total (positional alignment cascade; measure_alignment root unchanged). Export failures 65 unchanged.','Accidental category (6,249 rows / 532 single-cat files) was confirmed this session to be an abc2xml reference artifact: abc2xml re-prints accidentals that carry through the measure (ABC 2.1 sec 6) while Croma correctly prints them once - justify, do not fix. Next genuine Croma item: unclosed [ chord swallowing past a barline in parse_chord (~29 rows). Remaining duration (21,358), pitch (13,921), measure_alignment (15,044) residuals are largely reference artifacts (phantom measures, hardcoded L:1/8); re-derive targets from a fresh comparison.','2026-06-08 08:04:27');
INSERT INTO "phase" VALUES('phase-14','work/phase-14-voice-middle-octave','merged',48,NULL,'5e6657c','octave category: ABC voice/clef modifier middle=<pitch> ignored, so voices (esp. clef=bass middle=d) emitted two octaves too high','Croma export bug fixed (spec-correct)','Croma dropped the ABC middle=<pitch> clef/voice modifier entirely (token fell through to VoiceProperties.other), so a clef=bass middle=d voice emitted notes two octaves too high (bass e -> E5 instead of E3). Implemented middle= per abc2xml gtrans formula: octnum=(4 if uppercase else 5)+(apostrophes or -commas), gtrans=(3 if note in {A,F,D} else 4)-octnum; added to voice_octave_shift alongside existing clef +-8/+-15 and octave= handling. Plumbed middle through parse/field/voice.rs, surface VoiceProperties, VoicePropertiesModel, lower voice_properties_model AND merge_voice_properties (body V: switch). TDD: unit tests (d=-2,D=-1,B=0,c=-1,malformed=0) plus e2e (clef=bass middle=d emits octave 3). Full 10k: structural matches 6904->6936 (+32), mismatch rows 200345->196757 (-3588), octave 9972->6397 (-3575), slur 307 (-13), every other category unchanged. Per-file: 0 match->mismatch regressions, 32 mismatch->match, 0 files worse by any row, 57 files fewer rows. Export failures 65 unchanged.','K-line clef-octave propagation (octave residual ~298 rows / 4 files incl tune_002746 185 rows): clef/octave=/treble+-8 on a K: line not extracted into voice properties (lower/voice.rs set_key only updates accidental policy), so voice_octave_shift never sees them. Same machinery just built; plumb clef/octave from the K: KeySignature into VoicePropertiesModel. Then barline genuine bugs: volta number-list split (|1,3 -> two <ending> instead of one number 1,3; 44 rows/14 files; writer fix musicxml/score.rs unique_endings + barline.rs) and double-bar dropped (spaced/line-split | | coalesced to Double; 81 rows/38 files; lower/timeline.rs). Accidental (6249) confirmed reference artifact.','2026-06-08 08:20:40');
INSERT INTO "phase" VALUES('phase-15','work/phase-15-kline-clef-octave','in_progress',NULL,NULL,NULL,'octave category: clef/octave directives on a K: line dropped (parser captured only tonic/mode/accidentals), so per-voice octave shift never applied','Croma export bug fixed (spec-correct)','ABC 2.1 sec 4.6 allows clef/octave modifiers on K: lines, not only V:. Croma key parser dropped clef=/octave=/treble+-8/bass/middle= tokens on K: lines. Now parse_key feeds the post-tonic remainder through parse_voice_properties and the lowering merges the clef/octave/middle/transpose into the CURRENT voice only (abc2xml per-voice scoping): header K: seeded in MultiVoiceLowering::new, body K: in apply_key_change, inline [K:] in apply_inline_key_clef_properties. Also extended parse_voice_properties to recognize BARE clef shorthands (treble+8, bass, alto...) since the corpus uses K:C treble+8 (not clef=); this fixes the same latent drop on V: lines too. voice_octave_shift (built in phase-14) then applies the shift unchanged. TDD: parse tests (Dm octave=1, bare treble+8) + e2e (single-voice K: octave=1 shifts +1; multi-voice V:1 treble+8 / V:2 treble-8 scoped, no leak). Full 10k: structural matches 6936->6939 (+3), mismatch rows 196757->196215 (-542), octave 6397->5855 (-542), every other category unchanged. Per-file: 0 match->mismatch regressions, 3 improved, 0 files worse, 6 files fewer rows. Export failures 65.','Barline genuine bugs (next): (1) volta number-list split - ABC |1,3 / :|2,4 emitted as two separate <ending> elements instead of one <ending number="1,3"> (MusicXML ending-number is a comma list); 44 rows/14 files; writer fix in musicxml/score.rs unique_endings + musicxml/barline.rs write_ending_barline. (2) double-bar dropped - two | separated only by whitespace/line-break (| | or line-split) should coalesce to a Double light-light bar; 81 rows/38 files; lower/timeline.rs. Then re-derive from a fresh comparison. Accidental (6249) and the missing/extra/duration bulk remain abc2xml reference artifacts.','2026-06-08 08:20:40');
CREATE TABLE validation (
  id INTEGER PRIMARY KEY AUTOINCREMENT,
  phase_id TEXT NOT NULL REFERENCES phase(phase_id) ON DELETE CASCADE,
  command TEXT NOT NULL,
  status TEXT NOT NULL,
  notes TEXT,
  UNIQUE (phase_id, command)
);
INSERT INTO "validation" VALUES(1,'phase-10e','uv run python -m py_compile tools/music21_polars_corpus_compare.py','passed',NULL);
INSERT INTO "validation" VALUES(2,'phase-10e','uv run python -m pytest tests -q','passed','5 passed in reported run.');
INSERT INTO "validation" VALUES(3,'phase-10e','git diff --check','passed',NULL);
INSERT INTO "validation" VALUES(4,'phase-10f','cargo test --workspace','passed','Pinned Rust toolchain.');
INSERT INTO "validation" VALUES(5,'phase-10f','cargo clippy --workspace --all-targets -- -D warnings','passed','Pinned Rust toolchain.');
INSERT INTO "validation" VALUES(6,'phase-10f','cargo doc -p croma-core --no-deps','passed','Pinned Rust toolchain.');
INSERT INTO "validation" VALUES(7,'phase-10f','cargo package -p croma-core --allow-dirty','passed','Pinned Rust toolchain.');
INSERT INTO "validation" VALUES(8,'phase-10f','git diff --check','passed',NULL);
INSERT INTO "validation" VALUES(9,'phase-10g','cargo test --workspace','passed','Rerun before PR #18.');
INSERT INTO "validation" VALUES(10,'phase-10g','cargo clippy --workspace --all-targets -- -D warnings','passed','Rerun before PR #18.');
INSERT INTO "validation" VALUES(11,'phase-10g','cargo doc -p croma-core --no-deps','passed','Rerun before PR #18.');
INSERT INTO "validation" VALUES(12,'phase-10g','cargo package -p croma-core --allow-dirty','passed','Rerun before PR #18.');
INSERT INTO "validation" VALUES(13,'phase-10g','git diff --check','passed','Rerun before PR #18.');
INSERT INTO "validation" VALUES(14,'phase-10h','uv run python -m py_compile tools/music21_polars_corpus_compare.py','passed',NULL);
INSERT INTO "validation" VALUES(15,'phase-10h','uv run python -m pytest tests -q','passed',NULL);
INSERT INTO "validation" VALUES(16,'phase-10h','cargo test --workspace','passed','Pinned Rust toolchain.');
INSERT INTO "validation" VALUES(17,'phase-10h','cargo clippy --workspace --all-targets -- -D warnings','passed','Pinned Rust toolchain.');
INSERT INTO "validation" VALUES(18,'phase-10h','cargo doc -p croma-core --no-deps','passed','Pinned Rust toolchain.');
INSERT INTO "validation" VALUES(19,'phase-10h','cargo package -p croma-core --allow-dirty','passed','Pinned Rust toolchain.');
INSERT INTO "validation" VALUES(20,'phase-10h','git diff --check','passed',NULL);
INSERT INTO "validation" VALUES(21,'phase-10i','uv run python -m py_compile tools/music21_polars_corpus_compare.py tools/music21_compare.py','passed','Reported by Phase 10-i agent.');
INSERT INTO "validation" VALUES(22,'phase-10i','uv run python -m pytest tests -q','passed','Reported by Phase 10-i agent.');
INSERT INTO "validation" VALUES(23,'phase-10i','cargo test --workspace','passed','Pinned Rust toolchain, reported by Phase 10-i agent.');
INSERT INTO "validation" VALUES(24,'phase-10i','cargo clippy --workspace --all-targets -- -D warnings','passed','Pinned Rust toolchain, reported by Phase 10-i agent.');
INSERT INTO "validation" VALUES(25,'phase-10i','cargo doc -p croma-core --no-deps','passed','Pinned Rust toolchain, reported by Phase 10-i agent.');
INSERT INTO "validation" VALUES(26,'phase-10i','cargo package -p croma-core --allow-dirty','passed','Pinned Rust toolchain, reported by Phase 10-i agent.');
INSERT INTO "validation" VALUES(27,'phase-10i','git diff --check','passed','Reported by Phase 10-i agent.');
INSERT INTO "validation" VALUES(28,'testbed-reproducibility','find "$ABC_ROOT" -type f -name ''*.abc'' | wc -l','passed','10000 files under /Users/rodox/dev/rs/trd_obsolete/test/real/abc.');
INSERT INTO "validation" VALUES(29,'testbed-reproducibility','find "$REF_ROOT" -type f \( -name ''*.musicxml'' -o -name ''*.xml'' \) | wc -l','passed','10000 reference XML/MusicXML files under /Users/rodox/dev/rs/trd_obsolete/test/real/musicxml.');
INSERT INTO "validation" VALUES(30,'testbed-reproducibility','uv run python tools/progress/progress.py status','passed','Tracker query works and shows Phase 10-i merged.');
INSERT INTO "validation" VALUES(31,'testbed-reproducibility','git diff --check','passed',NULL);
INSERT INTO "validation" VALUES(32,'linux-sandbox-env','cargo build -p croma-cli','pass','Built target/debug/croma on x86_64-unknown-linux-gnu with Rust 1.96.0.');
INSERT INTO "validation" VALUES(33,'linux-sandbox-env','cargo test --workspace','pass','cli 18, croma-core 145, croma-fmt 1 passed; 0 failed.');
INSERT INTO "validation" VALUES(34,'linux-sandbox-env','uv sync','pass','Resolved 30 / installed 28 packages; music21 10.3.0, polars 1.41.2 importable.');
INSERT INTO "validation" VALUES(35,'bootstrap-hardening','bash -n tools/session_bootstrap.sh','passed',NULL);
INSERT INTO "validation" VALUES(36,'bootstrap-hardening','tools/session_bootstrap.sh','passed','Normal local run with uv/cargo present.');
INSERT INTO "validation" VALUES(37,'bootstrap-hardening','PATH=/usr/bin:/bin tools/session_bootstrap.sh','passed','Simulated uv/cargo missing; progress tracker restored through python3 fallback.');
INSERT INTO "validation" VALUES(38,'bootstrap-hardening','git diff --check','passed',NULL);
INSERT INTO "validation" VALUES(39,'bootstrap-hardening','brew install git-lfs && git lfs install','passed','Installed git-lfs 3.7.1 and initialized Git LFS hooks.');
INSERT INTO "validation" VALUES(40,'bootstrap-hardening','uv run python tools/provision_corpus.py build-archive --output docs/untracked/corpus/zenodo-10k --archive docs/corpus/zenodo-10k-abc.tar.gz','passed','Built 2.5M ABC corpus archive with sha256 dfaff46a0af4bfc93b70a55dccff17d16dd1fbc8aeb5eff814bb9c2e0284cc92.');
INSERT INTO "validation" VALUES(41,'bootstrap-hardening','uv run python tools/provision_corpus.py import-archive --archive docs/corpus/zenodo-10k-abc.tar.gz','passed','Verified checksum and restored 10000 ABC files from the archive.');
INSERT INTO "validation" VALUES(42,'bootstrap-hardening','tools/session_bootstrap.sh --fetch-corpus','passed','Preferred verified LFS archive and reported ABC corpus available with 10000 files while reference XML remained missing.');
INSERT INTO "validation" VALUES(43,'bootstrap-hardening','uv run python -m py_compile tools/provision_corpus.py tools/music21_polars_corpus_compare.py','passed',NULL);
INSERT INTO "validation" VALUES(44,'bootstrap-hardening','uv run python -m pytest tests -q','passed','6 passed.');
INSERT INTO "validation" VALUES(45,'bootstrap-hardening','git diff --cached --check','passed',NULL);
INSERT INTO "validation" VALUES(46,'bootstrap-hardening','git lfs ls-files','passed','dfaff46a0a * docs/corpus/zenodo-10k-abc.tar.gz');
INSERT INTO "validation" VALUES(47,'phase-10k','cargo test --workspace','pass','148 core tests incl. 3 new no-happy-path lyric tests');
INSERT INTO "validation" VALUES(48,'phase-10k','cargo clippy --workspace --all-targets -- -D warnings','pass','clean');
INSERT INTO "validation" VALUES(49,'phase-10k','uv run python -m pytest tests -q','pass','6 passed');
INSERT INTO "validation" VALUES(50,'phase-10k','git diff --check','pass','no whitespace errors');
INSERT INTO "validation" VALUES(51,'phase-10k','full 10k report-only compare','pass','lyric 89->75, +7 matches, -1064 rows, no regressions');
INSERT INTO "validation" VALUES(52,'phase-10l','cargo test --workspace','pass','149 core tests incl. new inline-field-after-barline test');
INSERT INTO "validation" VALUES(53,'phase-10l','cargo clippy --workspace --all-targets -- -D warnings','pass','clean');
INSERT INTO "validation" VALUES(54,'phase-10l','full 10k report-only compare','pass','-40235 mismatch rows, no category regressions');
INSERT INTO "validation" VALUES(55,'phase-10m','cargo test --workspace','pass','151 core tests incl. inline key apply + clef-only preserve');
INSERT INTO "validation" VALUES(56,'phase-10m','cargo clippy --workspace --all-targets -- -D warnings','pass','clean');
INSERT INTO "validation" VALUES(57,'phase-10m','cargo fmt --all -- --check','pass','clean');
INSERT INTO "validation" VALUES(58,'phase-10m','full 10k report-only compare','pass','-12541 rows, +30 matches, no regressions');
INSERT INTO "validation" VALUES(59,'phase-10n','cargo test --workspace','pass','153 core tests incl. one-part-per-voice + single-voice');
INSERT INTO "validation" VALUES(60,'phase-10n','cargo clippy --workspace --all-targets -- -D warnings','pass','clean');
INSERT INTO "validation" VALUES(61,'phase-10n','cargo fmt --all -- --check','pass','clean');
INSERT INTO "validation" VALUES(62,'phase-10n','full 10k report-only compare','pass','-3,131,255 rows (-89%); exposes pre-existing per-note issues');
INSERT INTO "validation" VALUES(63,'phase-10o','cargo test --workspace','pass','155 core tests incl. clef-octave + bare-voice-switch');
INSERT INTO "validation" VALUES(64,'phase-10o','cargo clippy --workspace --all-targets -- -D warnings','pass','clean');
INSERT INTO "validation" VALUES(65,'phase-10o','cargo fmt --all -- --check','pass','clean');
INSERT INTO "validation" VALUES(66,'phase-10o','full 10k report-only compare','pass','-17658 rows, octave -17623, no regressions');
INSERT INTO "validation" VALUES(67,'phase-10p','cargo test --workspace','pass','156 core tests incl. W: credit');
INSERT INTO "validation" VALUES(68,'phase-10p','cargo clippy --workspace --all-targets -- -D warnings','pass','clean');
INSERT INTO "validation" VALUES(69,'phase-10p','cargo fmt --all -- --check','pass','clean');
INSERT INTO "validation" VALUES(70,'phase-10p','full 10k report-only compare','pass','+173 matches, -21560 rows');
INSERT INTO "validation" VALUES(71,'phase-10q','cargo test --workspace','pass','157 core tests incl. decoration notations');
INSERT INTO "validation" VALUES(72,'phase-10q','cargo clippy --workspace --all-targets -- -D warnings','pass','clean');
INSERT INTO "validation" VALUES(73,'phase-10q','cargo fmt --all -- --check','pass','clean');
INSERT INTO "validation" VALUES(74,'phase-10q','full 10k report-only compare','pass','+16 matches, -7373 rows');
INSERT INTO "validation" VALUES(75,'phase-10r','cargo test --workspace','pass','158 core tests incl. staccato chord length');
INSERT INTO "validation" VALUES(76,'phase-10r','cargo clippy --workspace --all-targets -- -D warnings','pass','clean');
INSERT INTO "validation" VALUES(77,'phase-10r','cargo fmt --all -- --check','pass','clean');
INSERT INTO "validation" VALUES(78,'phase-10r','full 10k report-only compare','pass','-16907 rows, nearly all categories improved');
INSERT INTO "validation" VALUES(79,'phase-10s','cargo test --workspace','pass','159 core tests incl. chord-adjacent-barline');
INSERT INTO "validation" VALUES(80,'phase-10s','cargo clippy --workspace --all-targets -- -D warnings','pass','clean');
INSERT INTO "validation" VALUES(81,'phase-10s','cargo fmt --all -- --check','pass','clean');
INSERT INTO "validation" VALUES(82,'phase-10s','full 10k report-only compare','pass','-97953 rows (-30%), nearly all categories improved');
INSERT INTO "validation" VALUES(83,'phase-10t','cargo test --workspace','pass','160 core tests incl. unclosed-decoration recovery');
INSERT INTO "validation" VALUES(84,'phase-10t','cargo clippy --workspace --all-targets -- -D warnings','pass','clean');
INSERT INTO "validation" VALUES(85,'phase-10t','cargo fmt --all -- --check','pass','clean');
INSERT INTO "validation" VALUES(86,'phase-10t','full 10k report-only compare','pass','-2265 rows, no regression');
INSERT INTO "validation" VALUES(87,'phase-11a','cargo test --workspace','pass','162 core tests incl. staves grouping');
INSERT INTO "validation" VALUES(88,'phase-11a','cargo clippy --workspace --all-targets -- -D warnings','pass','clean');
INSERT INTO "validation" VALUES(89,'phase-11a','cargo fmt --all -- --check','pass','clean');
INSERT INTO "validation" VALUES(90,'phase-11a','full 10k report-only compare','pass','+105 matches, -14769 rows, no regressions');
INSERT INTO "validation" VALUES(91,'phase-11i','cargo test --workspace','pass','188 core lib tests + workspace');
INSERT INTO "validation" VALUES(92,'phase-11i','cargo clippy --workspace --all-targets -- -D warnings','pass','');
INSERT INTO "validation" VALUES(93,'phase-11i','cargo fmt --all -- --check','pass','');
INSERT INTO "validation" VALUES(94,'phase-11i','uv run python -m pytest tests -q','pass','6 passed');
INSERT INTO "validation" VALUES(95,'phase-11i','git diff --check','pass','');
CREATE VIEW phase_summary AS
SELECT
  phase_id,
  status,
  branch,
  pr_number,
  commit_hash,
  selected_target,
  classification,
  summary,
  next_recommended_target
FROM phase
ORDER BY phase_id;
DELETE FROM "sqlite_sequence";
INSERT INTO "sqlite_sequence" VALUES('metric',101);
INSERT INTO "sqlite_sequence" VALUES('artifact',30);
INSERT INTO "sqlite_sequence" VALUES('validation',95);
COMMIT;
